-3.  0.02432332658994925
-3.  0.023870515304275728
-3.  0.07295430625786897
-3.  0.024323326589949283
-3.  0.023870515304275728
-3.  0.07295430625786897
-3.  0.02427161495193215
-3.  0.023817656213176434
-3.  0.07189911644771768
-3.  0.024271614951934313
-3.  0.023817656213176434
-3.  0.07189911644771774
-2.988  0.02522291438326121
-2.988  0.024682784142075344
-2.988  0.07412514399678448
-2.988  0.02522291438326106
-2.988  0.02468278414207531
-2.988  0.07412514399678448
-2.988  0.025180460197588718
-2.988  0.024615458222028357
-2.988  0.07306447511989166
-2.988  0.025180460197588718
-2.988  0.024615458222028395
-2.988  0.07306447511989173
-2.976  0.026181690066564355
-2.976  0.025538967100147837
-2.976  0.07504456476704241
-2.976  0.026181690066564355
-2.976  0.025538967100147834
-2.976  0.07504456476704241
-2.976  0.026150817300962
-2.976  0.025454530330823347
-2.976  0.07398553101500363
-2.976  0.026150817300962016
-2.976  0.025454530330823205
-2.976  0.07398553101500384
-2.964  0.027207603698529998
-2.964  0.026445750515902276
-2.964  0.07573680751533676
-2.964  0.02720760369853003
-2.964  0.026445750515902276
-2.964  0.07573680751533676
-2.964  0.02719078688081081
-2.964  0.026341344487194072
-2.964  0.07468626334883804
-2.964  0.02719078688081081
-2.964  0.026341344487194072
-2.964  0.07468626334883806
-2.952  0.028310774677137173
-2.952  0.027412460590785757
-2.952  0.07627262002138614
-2.952  0.028310774677137173
-2.952  0.027412460590785764
-2.952  0.07627262002138614
-2.952  0.02831051857384311
-2.952  0.027285106176177406
-2.952  0.07523622811557529
-2.952  0.028310518573843115
-2.952  0.027285106176177402
-2.952  0.07523622811557533
-2.94  0.029503186763579128
-2.94  0.028450740369842388
-2.94  0.07676066357620963
-2.94  0.029503186763579128
-2.94  0.028450740369842388
-2.94  0.07676066357620963
-2.94  0.02952190855887202
-2.94  0.02829743377005668
-2.94  0.07574212862039391
-2.94  0.02952190855887202
-2.94  0.028297433770056807
-2.94  0.07574212862039392
-2.928  0.03079799309357057
-2.928  0.02957379300250905
-2.928  0.07732926015848758
-2.928  0.030797993093570602
-2.928  0.02957379300250905
-2.928  0.07732926015848758
-2.928  0.03083792144415153
-2.928  0.029391594810537797
-2.928  0.07632992031826903
-2.928  0.030837921444151553
-2.928  0.029391594810537783
-2.928  0.0763299203182691
-2.916  0.03220857686203984
-2.916  0.03079542670830066
-2.916  0.07810413100049202
-2.916  0.03220857686203984
-2.916  0.03079542670830067
-2.916  0.07810413100049202
-2.916  0.03227166451423134
-2.916  0.030581549831494723
-2.916  0.07712298209707734
-2.916  0.032271664514231496
-2.916  0.03058154983149473
-2.916  0.07712298209707755
-2.904  0.03374754750951852
-2.904  0.0321291678110197
-2.904  0.0791885719552352
-2.904  0.033747547509518507
-2.904  0.0321291678110197
-2.904  0.07918857195523521
-2.904  0.0338353755789346
-2.904  0.03188108590277288
-2.904  0.07822266706397478
-2.904  0.03383537557893473
-2.904  0.03188108590277288
-2.904  0.07822266706397481
-2.892  0.035425794736376415
-2.892  0.03358760437633921
-2.892  0.08064993715289029
-2.892  0.035425794736376415
-2.892  0.03358760437633921
-2.892  0.08064993715289029
-2.892  0.03553943772531673
-2.892  0.03330320977096263
-2.892  0.07969502597090736
-2.892  0.035539437725316765
-2.892  0.03330320977096263
-2.892  0.0796950259709074
-2.88  0.037251660463519305
-2.88  0.03518200132950157
-2.88  0.08251310503511232
-2.88  0.037251660463519305
-2.88  0.03518200132950157
-2.88  0.08251310503511232
-2.88  0.03739148521067751
-2.88  0.034859836813026755
-2.88  0.0815643666581681
-2.88  0.037391485210677894
-2.88  0.03485983681302431
-2.88  0.08156436665816812
-2.868  0.03923028083216325
-2.868  0.036922169568330894
-2.868  0.08475991879053696
-2.868  0.039230280832163254
-2.868  0.03692216956833089
-2.868  0.08475991879053696
-2.868  0.0393956671343947
-2.868  0.03656174362760215
-2.868  0.08381266804285406
-2.868  0.0393956671343947
-2.868  0.036561743627602256
-2.868  0.08381266804285406
-2.856  0.041363179636452065
-2.856  0.038816563064090155
-2.856  0.08733347134473071
-2.856  0.04136317963645208
-2.856  0.03881656306409016
-2.856  0.08733347134472809
-2.856  0.04155217049389369
-2.856  0.0384187377944941
-2.856  0.08638375006758263
-2.856  0.041552170493893696
-2.856  0.0384187377944941
-2.856  0.08638375006758263
-2.844  0.04364820876264459
-2.844  0.04087255706793623
-2.844  0.09014633209721166
-2.844  0.04364820876264459
-2.844  0.04087255706793632
-2.844  0.09014633209721166
-2.844  0.043857121018587776
-2.844  0.040439974920831984
-2.844  0.08919132431759745
-2.844  0.04385712101858778
-2.844  0.040439974920831984
-2.844  0.08919132431759745
-2.832  0.04607991322967628
-2.832  0.04309679704066392
-2.832  0.09309145460941856
-2.832  0.04607991322967628
-2.832  0.04309679704066391
-2.832  0.09309145460941856
-2.832  0.04630296551607076
-2.832  0.042634286666744986
-2.832  0.0921296997736713
-2.832  0.04630296551607076
-2.832  0.042634286666744965
-2.832  0.09212969977367114
-2.82  0.04865038294952745
-2.82  0.04549544384476639
-2.82  0.09605380735503576
-2.82  0.04865038294952746
-2.82  0.04549544384476639
-2.82  0.09605380735503574
-2.82  0.04887942923037939
-2.82  0.04501031419035194
-2.82  0.09508523650337151
-2.82  0.0488794292303794
-2.82  0.045010314190351924
-2.82  0.09508523650337151
-2.808  0.0513506383961655
-2.808  0.04807414069353208
-2.808  0.0989207703136716
-2.808  0.0513506383961655
-2.808  0.04807414069353216
-2.808  0.09892077031367175
-2.808  0.05157512461550928
-2.808  0.04757624296340942
-2.808  0.09794663890104098
-2.808  0.05157512461550928
-2.808  0.04757624296340942
-2.808  0.09794663890104098
-2.796  0.05417246001877966
-2.796  0.05083758188466354
-2.796  0.10159045107196772
-2.796  0.05417246001877973
-2.796  0.05083758188466354
-2.796  0.10159045107196772
-2.796  0.05437972278098823
-2.796  0.05033901720490677
-2.796  0.10061325369153054
-2.796  0.054379722780988224
-2.796  0.05033901720490677
-2.796  0.10061325369153054
-2.784  0.05711020214369893
-2.784  0.0537885951839915
-2.784  0.10397836325793505
-2.784  0.05711020214369893
-2.784  0.05378859518399152
-2.784  0.10397836325793505
-2.784  0.05728617335826292
-2.784  0.05330300282567598
-2.784  0.10300177104200331
-2.784  0.057286173358262936
-2.784  0.05330300282567598
-2.784  0.10300177104200332
-2.772  0.0601617138087906
-2.772  0.05692665616482247
-2.772  0.10602333241304557
-2.772  0.060161713808790596
-2.772  0.05692665616482245
-2.772  0.10602333241304557
-2.772  0.06029198986436898
-2.772  0.056468128679198516
-2.772  0.1050521156918483
-2.772  0.06029198986436898
-2.772  0.05646812867919851
-2.772  0.10505211569184836
-2.76  0.06332745420850273
-2.76  0.06024585130822592
-2.76  0.10769319438696477
-2.76  0.06332745420850266
-2.76  0.06024585130822584
-2.76  0.10769319438696477
-2.76  0.06339858546697776
-2.76  0.05982763372215316
-2.76  0.106733029580863
-2.76  0.06339858546697777
-2.76  0.05982763372215316
-2.76  0.10673302958086314
-2.748  0.06660744602585213
-2.748  0.06373254935913716
-2.748  0.10899022852207085
-2.748  0.06660744602585213
-2.748  0.06373254935913715
-2.748  0.10899022852207085
-2.748  0.06660825544453788
-2.748  0.06336573114454738
-2.748  0.1080472818484882
-2.748  0.06660825544453788
-2.748  0.06336573114454735
-2.748  0.10804728184849031
-2.736  0.06999656198279246
-2.736  0.06736329261029665
-2.736  0.10995484326951087
-2.736  0.06999656198279267
-2.736  0.06736329261029665
-2.736  0.10995484326951087
-2.736  0.0699193071772418
-2.736  0.06705569215265751
-2.736  0.10903509339940602
-2.736  0.0699193071772418
-2.736  0.06705569215265748
-2.736  0.10903509339940615
-2.724  0.07347934706011641
-2.724  0.07110355528247717
-2.724  0.11066401939241814
-2.724  0.0734793470601164
-2.724  0.07110355528247711
-2.724  0.11066401939241816
-2.724  0.0733205473359884
-2.724  0.07085897623868763
-2.724  0.10977240741853236
-2.724  0.0733205473359884
-2.724  0.07085897623868762
-2.724  0.10977240741853247
-2.712  0.07702600725791967
-2.712  0.07490810924522914
-2.712  0.11122081961834512
-2.712  0.07702600725791967
-2.712  0.07490810924522916
-2.712  0.11122081961834512
-2.712  0.07678673709272202
-2.712  0.07472614713868794
-2.712  0.1103604318036931
-2.712  0.07678673709272223
-2.712  0.07472614713868775
-2.712  0.11036043180369315
-2.7  0.08059142118111413
-2.7  0.07872383370787357
-2.7  0.11173488770452869
-2.7  0.0805914211811141
-2.7  0.0787238337078736
-2.7  0.11173488770452882
-2.7  0.08027686722585423
-2.7  0.07860039281546867
-2.7  0.11090640776896582
-2.7  0.08027686722585424
-2.7  0.07860039281546793
-2.7  0.11090640776896588
-2.688  0.08411885957613444
-2.688  0.08249555557846147
-2.688  0.11229932285905479
-2.688  0.08411885957613167
-2.688  0.08249555557846147
-2.688  0.11229932285905479
-2.688  0.08373703638671984
-2.688  0.08242412674216573
-2.688  0.11150091563716832
-2.688  0.08373703638671977
-2.688  0.08242412674216573
-2.688  0.1115009156371704
-2.676  0.0875489868809322
-2.676  0.08617441143060058
-2.676  0.11297210012986676
-2.676  0.08754898688093214
-2.676  0.08617441143060058
-2.676  0.11297210012986691
-2.676  0.08710874643350586
-2.676  0.08614793670485733
-2.676  0.11219975898960871
-2.676  0.08710874643350586
-2.676  0.08614793670484991
-2.676  0.11219975898960872
-2.664  0.09083248879868741
-2.664  0.08972651292785484
-2.664  0.11376808759034882
-2.664  0.09083248879868741
-2.664  0.08972651292785484
-2.664  0.11376808759034882
-2.664  0.09034125461644334
-2.664  0.08973941224344337
-2.664  0.11301635841592271
-2.664  0.09034125461644334
-2.664  0.08973941224344337
-2.664  0.11301635841593087
-2.652  0.09394229917502521
-2.652  0.09313866892454678
-2.652  0.11466275320977602
-2.652  0.09394229917502521
-2.652  0.09313866892454675
-2.652  0.11466275320977617
-2.652  0.09340413187955543
-2.652  0.09318848591572536
-2.652  0.11392566192451217
-2.652  0.09340413187955543
-2.652  0.09318848591572537
-2.652  0.11392566192451269
-2.64  0.09688067938698416
-2.64  0.09641878192916609
-2.64  0.11560465506899668
-2.64  0.09688067938698416
-2.64  0.0964187819291661
-2.64  0.11560465506899682
-2.64  0.09629522888083429
-2.64  0.09650699920810027
-2.64  0.1148766111094158
-2.64  0.09629522888083428
-2.64  0.09650699920810027
-2.64  0.11487661110941633
-2.628  0.09967834251340768
-2.628  0.09959091462102244
-2.628  0.11653276296173928
-2.628  0.09967834251340767
-2.628  0.09959091462102247
-2.628  0.11653276296173928
-2.628  0.09904104019289829
-2.628  0.09972269168367788
-2.628  0.11580920106622009
-2.628  0.09904104019289829
-2.628  0.09972269168367788
-2.628  0.11580920106622063
-2.616  0.10238638316586257
-2.616  0.10268714702629878
-2.616  0.11739547773702193
-2.616  0.10238638316586243
-2.616  0.10268714702629878
-2.616  0.11739547773702193
-2.616  0.10169002941619121
-2.616  0.10286988469864693
-2.616  0.11667306608600253
-2.616  0.10169002941619117
-2.616  0.10286988469864693
-2.616  0.11667306608600253
-2.604  0.10506463771676174
-2.604  0.10573897973189046
-2.604  0.11816843945989348
-2.604  0.10506463771676172
-2.604  0.10573897973189046
-2.604  0.11816843945989348
-2.604  0.10430234077325544
-2.604  0.10597972798698438
-2.604  0.1174448284864958
-2.604  0.10430234077325544
-2.604  0.10597972798698438
-2.604  0.11744482848649586
-2.592  0.10777068780318919
-2.592  0.10877056467088161
-2.592  0.11886708094904519
-2.592  0.10777068780318919
-2.592  0.10877056467088148
-2.592  0.11886708094904515
-2.592  0.10693973060343372
-2.592  0.10907257268015823
-2.592  0.11814033708166138
-2.592  0.10693973060343372
-2.592  0.10907257268015808
-2.592  0.11814033708166138
-2.58  0.110552255858311
-2.58  0.11179532287962687
-2.58  0.11954931810377507
-2.58  0.110552255858311
-2.58  0.11179532287962483
-2.58  0.11954931810377507
-2.58  0.10965787121742641
-2.58  0.11215456257826845
-2.58  0.11881728719351155
-2.58  0.10965787121742641
-2.58  0.11215456257826845
-2.58  0.11881728719351158
-2.568  0.1134434941266092
-2.568  0.11481654111025978
-2.568  0.1203059294536564
-2.568  0.11344349412660915
-2.568  0.11481654111025978
-2.568  0.1203059294536564
-2.568  0.11250109201734348
-2.568  0.11521949161852384
-2.568  0.11956575293664122
-2.568  0.11250109201734347
-2.568  0.11521949161852381
-2.568  0.11956575293664122
-2.556  0.11646388954660544
-2.556  0.11783106116677936
-2.556  0.12124056592794424
-2.556  0.11646388954660548
-2.556  0.11783106116677936
-2.556  0.12124056592794236
-2.556  0.11549855584585599
-2.556  0.1182548890607385
-2.556  0.12048846730193583
-2.556  0.11549855584585599
-2.556  0.1182548890607385
-2.556  0.12048846730193583
-2.544  0.11961799178339198
-2.544  0.12083390813943919
-2.544  0.12244511481089827
-2.544  0.11961799178339969
-2.544  0.12083390813943914
-2.544  0.12244511481089827
-2.544  0.11866117093378815
-2.544  0.12124926335102197
-2.544  0.12167647534059088
-2.544  0.11866117093378808
-2.544  0.12124926335102197
-2.544  0.12167647534059088
-2.532  0.1228950886567646
-2.532  0.1238219234449968
-2.532  0.12397710277791027
-2.532  0.1228950886567646
-2.532  0.12382192344499683
-2.532  0.12397710277791024
-2.532  0.12197964120076246
-2.532  0.12419741505502271
-2.532  0.12318680638897636
-2.532  0.12197964120076234
-2.532  0.12419741505502271
-2.532  0.12318680638897636
-2.52  0.12626964631742993
-2.52  0.12679621883729555
-2.52  0.12584429217567408
-2.52  0.12626964631742993
-2.52  0.12679621883729555
-2.52  0.12584429217567406
-2.52  0.1254250575976565
-2.52  0.12710302799286985
-2.52  0.12502731758659497
-2.52  0.12542505759765635
-2.52  0.12710302799286985
-2.52  0.12502731758659494
-2.508  0.12970443349833902
-2.508  0.12976473802088323
-2.508  0.12799940969313148
-2.508  0.12970443349833902
-2.508  0.12976473802088323
-2.508  0.12799940969312962
-2.508  0.12895350534305575
-2.508  0.1299801137265773
-2.508  0.1271516294677384
-2.508  0.12895350534305575
-2.508  0.1299801137265773
-2.508  0.1271516294677384
-2.496  0.13315756132089995
-2.496  0.13274558357033348
-2.496  0.13034605039876215
-2.496  0.13315756132089998
-2.496  0.13274558357033345
-2.496  0.13034605039876168
-2.496  0.13251488950002602
-2.496  0.13285480748663595
-2.496  0.12946513739396337
-2.496  0.13251488950002602
-2.496  0.13285480748663592
-2.496  0.12946513739396331
-2.484  0.13659236882873008
-2.484  0.13576952075711776
-2.484  0.13275481754935495
-2.484  0.13659236882873005
-2.484  0.13576952075711776
-2.484  0.1327548175493545
-2.484  0.13606405204477653
-2.484  0.13576667041554688
-2.484  0.1318410804265629
-2.484  0.13606405204477648
-2.484  0.13576667041554696
-2.484  0.1318410804265629
-2.472  0.13998682995259498
-2.472  0.1388787000574718
-2.472  0.13508633573434284
-2.472  0.13998682995259498
-2.472  0.1388787000574718
-2.472  0.13508633573434284
-2.472  0.13957063204740638
-2.472  0.13876677096707343
-2.472  0.1341432532972378
-2.472  0.13957063204739978
-2.472  0.13876677096707343
-2.472  0.1341432532972377
-2.46  0.14333862312413742
-2.46  0.14211982892976419
-2.46  0.13721580536409783
-2.46  0.14333862312413784
-2.46  0.14211982892976419
-2.46  0.13721580536409772
-2.46  0.14302415665724177
-2.46  0.14191053698093092
-2.46  0.13625004653930461
-2.46  0.14302415665724172
-2.46  0.14191053698093092
-2.46  0.13625004653930461
-2.448  0.14666346501636268
-2.448  0.1455328113534325
-2.448  0.13905344869409167
-2.448  0.14666346501636268
-2.448  0.14553281135343266
-2.448  0.13905344869409153
-2.448  0.14643248524312932
-2.448  0.1452460259447661
-2.448  0.13807426637493408
-2.448  0.14643248524312932
-2.448  0.1452460259447661
-2.448  0.13807426637493408
-2.436  0.14998688206119565
-2.436  0.14913804180003093
-2.436  0.14055637871475254
-2.436  0.14998688206119562
-2.436  0.14913804180003093
-2.436  0.14055637871475252
-2.436  0.14981410070048973
-2.436  0.14880060261571518
-2.436  0.13957443455269447
-2.436  0.14981410070048973
-2.436  0.14880060261571518
-2.436  0.13957443455269442
-2.424  0.15333229648815175
-2.424  0.1529260428748476
-2.424  0.1417291214968716
-2.424  0.15333229648815178
-2.424  0.1529260428748476
-2.424  0.14172912149687159
-2.424  0.15318712280546368
-2.424  0.1525697515076768
-2.424  0.14075498811552767
-2.424  0.15318712280546368
-2.424  0.1525697515076768
-2.424  0.14075498811552767
-2.412  0.15671024219537286
-2.412  0.15685246728986543
-2.412  0.14261236141068875
-2.412  0.15671024219537286
-2.412  0.1568524672898655
-2.412  0.14261236141068875
-2.412  0.15655963104894569
-2.412  0.15651119952774575
-2.412  0.1416550810767874
-2.412  0.15655963104894569
-2.412  0.15651119952774575
-2.412  0.1416550810767874
-2.4  0.16011352837537632
-2.4  0.16084029692029658
-2.4  0.1432631753337806
-2.4  0.16011352837537643
-2.4  0.16084029692029658
-2.4  0.1432631753337802
-2.4  0.15992579737244206
-2.4  0.16054635136352788
-2.4  0.1423292482631769
-2.4  0.15992579737244206
-2.4  0.16054635136352788
-2.4  0.14232924826317683
-2.388  0.16352047388406427
-2.388  0.164789475042838
-2.388  0.14373384667352512
-2.388  0.16352047388406427
-2.388  0.16478947504283836
-2.388  0.1437338466735251
-2.388  0.16326963299850963
-2.388  0.1645694560193248
-2.388  0.1428268614482506
-2.388  0.16326963299850963
-2.388  0.1645694560193249
-2.388  0.14282686144825057
-2.376  0.16690403398740472
-2.376  0.1685923331278489
-2.376  0.14405735530810326
-2.376  0.16690403398740472
-2.376  0.1685923331278489
-2.376  0.14405735530810318
-2.376  0.1665739162383209
-2.376  0.16846308054160916
-2.376  0.1431782438914155
-2.376  0.16657391623832096
-2.376  0.16846308054160922
-2.376  0.1431782438914155
-2.364  0.17024154760466587
-2.364  0.1721515082497078
-2.364  0.14424450706648215
-2.364  0.17024154760466587
-2.364  0.1721515082497078
-2.364  0.14424450706648215
-2.364  0.16982889748511965
-2.364  0.17211680154635606
-2.364  0.14339222856292796
-2.364  0.16982889748511965
-2.364  0.17211680154635603
-2.364  0.14339222856292796
-2.352  0.17352009695061496
-2.352  0.17539608616703772
-2.352  0.14429223904940428
-2.352  0.17352009695061496
-2.352  0.17539608616703772
-2.352  0.1442922390494039
-2.352  0.17303582066320405
-2.352  0.17544496080574673
-2.352  0.1434646270698297
-2.352  0.1730358206632041
-2.352  0.17544496080574673
-2.352  0.14346462706982974
-2.34  0.1767355666215709
-2.34  0.1782918651451179
-2.34  0.14419802618351213
-2.34  0.1767355666215709
-2.34  0.1782918651451179
-2.34  0.14419802618351213
-2.34  0.1762036280028315
-2.34  0.1783992497451001
-2.34  0.14339255302959564
-2.34  0.1762036280028315
-2.34  0.1783992497451001
-2.34  0.14339255302959567
-2.328  0.17988690322061257
-2.328  0.18084323685918982
-2.328  0.1439736170635207
-2.328  0.17988690322061257
-2.328  0.18084323685918982
-2.328  0.1439736170635207
-2.328  0.17934083740617215
-2.328  0.180973191850799
-2.328  0.1431878921458665
-2.328  0.17934083740617215
-2.328  0.18097319185079902
-2.328  0.14318789214586652
-2.316  0.18296862296607128
-2.316  0.1830867770918323
-2.316  0.14365278754995017
-2.316  0.18296862296607164
-2.316  0.18308677709183235
-2.316  0.14365278754995014
-2.316  0.1824461879290577
-2.316  0.18319799766568293
-2.316  0.1428846966674245
-2.316  0.18244618792907372
-2.316  0.18319799766568287
-2.316  0.1428846966674245
-2.304  0.18596405414564637
-2.304  0.1850789281881678
-2.304  0.14329108626015885
-2.304  0.18596405414564637
-2.304  0.1850789281881678
-2.304  0.14329108626015877
-2.304  0.18550098947923271
-2.304  0.18513154837627271
-2.304  0.14253858507412565
-2.304  0.18550098947923271
-2.304  0.18513154837627266
-2.304  0.14253858507412567
-2.292  0.1888407781470976
-2.292  0.18688138587659672
-2.292  0.14295888325756692
-2.292  0.1888407781470977
-2.292  0.18688138587659672
-2.292  0.1429588832575669
-2.292  0.1884649155354812
-2.292  0.1868436538279929
-2.292  0.1422195632323165
-2.292  0.1884649155354812
-2.292  0.1868436538279929
-2.292  0.14221956323231663
-2.28  0.19154999103466924
-2.28  0.18854847819117682
-2.28  0.14273134078170333
-2.28  0.19154999103466924
-2.28  0.18854847819117682
-2.28  0.14273134078170333
-2.28  0.1912769808478232
-2.28  0.18840175278743354
-2.28  0.14200194871472627
-2.28  0.19127698084782324
-2.28  0.18840175278743232
-2.28  0.14200194871472627
-2.268  0.1940325458380596
-2.268  0.19012107026583472
-2.268  0.14267966672056132
-2.268  0.1940325458380596
-2.268  0.19012107026583483
-2.268  0.14267966672056123
-2.268  0.1938641012288073
-2.268  0.1898619917972326
-2.268  0.1419557430804274
-2.268  0.1938641012288073
-2.268  0.1898619917972326
-2.268  0.1419557430804274
-2.256  0.19623343572241564
-2.256  0.1916298586007022
-2.256  0.14286664828945808
-2.256  0.196233435722416
-2.256  0.19162985860070222
-2.256  0.14286664828945808
-2.256  0.19615825001712675
-2.256  0.19126943311416147
-2.256  0.1421423638368572
-2.256  0.19615825001712675
-2.256  0.19126943311416136
-2.256  0.1421423638368572
-2.244  0.19812177137962794
-2.244  0.1931063154067531
-2.244  0.14334625992991976
-2.244  0.19812177137962794
-2.244  0.1931063154067531
-2.244  0.14334625992991973
-2.244  0.19811841652863235
-2.244  0.19266665991122087
-2.244  0.14261443471306487
-2.244  0.19811841652863352
-2.244  0.19266665991122053
-2.244  0.1426144347130649
-2.232  0.19970766143968025
-2.232  0.19459431432037833
-2.232  0.14416407737465203
-2.232  0.19970766143968027
-2.232  0.19459431432037844
-2.232  0.14416407737465198
-2.232  0.19974827102561624
-2.232  0.1941044222468936
-2.232  0.14341632381562214
-2.232  0.19974827102561624
-2.232  0.1941044222468939
-2.232  0.1434163238156222
-2.22  0.20104629529594778
-2.22  0.1961540476118585
-2.22  0.14535467288245554
-2.22  0.2010462952959478
-2.22  0.19615404761185823
-2.22  0.14535467288245543
-2.22  0.20109998214440059
-2.22  0.19564581949739646
-2.22  0.14458162929999147
-2.22  0.20109998214440059
-2.22  0.19564581949739646
-2.22  0.14458162929999147
-2.208  0.20222554570710174
-2.208  0.19785420834835313
-2.208  0.14693452572977386
-2.208  0.2022255457071029
-2.208  0.1978542083483543
-2.208  0.14693452572977372
-2.208  0.20226119489397726
-2.208  0.19735927294226976
-2.208  0.14612620113366762
-2.208  0.2022611948939761
-2.208  0.19735927294226968
-2.208  0.14612620113366778
-2.196  0.2033430580353677
-2.196  0.19975572927955104
-2.196  0.1488924388628344
-2.196  0.20334305803536884
-2.196  0.19975572927955135
-2.196  0.14889243886283432
-2.196  0.20333183588894177
-2.196  0.19930281591292026
-2.196  0.1480387216039661
-2.196  0.20333183588894177
-2.196  0.19930281591292026
-2.196  0.14803872160396614
-2.184  0.20448512666157495
-2.184  0.2018955257968117
-2.184  0.1511817652368507
-2.184  0.20448512666157467
-2.184  0.2018955257968117
-2.184  0.15118176523685029
-2.184  0.20440316822489166
-2.184  0.2015079405511795
-2.184  0.1502731250818716
-2.184  0.2044031682248916
-2.184  0.20150794055117952
-2.184  0.15027312508187202
-2.172  0.20571800301027915
-2.172  0.2042784226711529
-2.172  0.15371874932442003
-2.172  0.20571800301027915
-2.172  0.2042784226711529
-2.172  0.15371874932441995
-2.172  0.20554918500757066
-2.172  0.20397163208092342
-2.172  0.15274709197378927
-2.172  0.20554918500756994
-2.172  0.20397163208092342
-2.172  0.15274709197378938
-2.16  0.2070937920182792
-2.16  0.20688024612223857
-2.16  0.15638907994981333
-2.16  0.20709379201828035
-2.16  0.20688024612223857
-2.16  0.1563890799498074
-2.16  0.20683180126934733
-2.16  0.20666016936027334
-2.16  0.15534863591285855
-2.16  0.20683180126934733
-2.16  0.2066601693602722
-2.16  0.15534863591285897
-2.148  0.20866358324860543
-2.148  0.20965838993192698
-2.148  0.15906143362904143
-2.148  0.20866358324860543
-2.148  0.20965838993192698
-2.148  0.15906143362904143
-2.148  0.20831232955065065
-2.148  0.20952112388474523
-2.148  0.15794952379595262
-2.148  0.20831232955065065
-2.148  0.20952112388474523
-2.148  0.15794952379595412
-2.136  0.2104860800764384
-2.136  0.2125622944350013
-2.136  0.16160416960452204
-2.136  0.21048608007643843
-2.136  0.2125622944350013
-2.136  0.1616041696045219
-2.136  0.210058048289896
-2.136  0.2124955328494215
-2.136  0.16042170259771316
-2.136  0.21005804828989566
-2.136  0.21249553284942121
-2.136  0.16042170259771316
-2.124  0.21262316956014604
-2.124  0.21553766994636153
-2.124  0.16390092474350407
-2.124  0.21262316956014618
-2.124  0.21553766994636184
-2.124  0.16390092474350393
-2.124  0.21213611878751695
-2.124  0.2155234536435131
-2.124  0.1626525267021484
-2.124  0.21213611878751695
-2.124  0.21552345364351305
-2.124  0.16265252670214841
-2.112  0.21512205433865716
-2.112  0.2185236638583514
-2.112  0.16586244079790538
-2.112  0.21512205433865741
-2.112  0.21852366385835167
-2.112  0.16586244079790533
-2.112  0.21459501428444153
-2.112  0.2185417516071689
-2.112  0.16455616814296406
-2.112  0.21459501428444125
-2.112  0.2185417516071689
-2.112  0.16455616814296445
-2.1  0.21799136932709912
-2.1  0.22144731774513635
-2.1  0.16743374502742747
-2.1  0.21799136932709912
-2.1  0.22144731774513662
-2.1  0.1674337450274273
-2.1  0.21744098809400716
-2.1  0.2214784474695526
-2.1  0.16608037915541315
-2.1  0.21744098809400716
-2.1  0.2214784474695526
-2.1  0.16608037915541457
-2.088  0.22118190542913405
-2.088  0.22422113510320518
-2.088  0.16859649354728226
-2.088  0.2211819054291343
-2.088  0.22422113510320518
-2.088  0.16859649354728085
-2.088  0.22062001010654994
-2.088  0.22424956219451864
-2.088  0.16720848348696715
-2.088  0.22062001010654994
-2.088  0.2242495621945184
-2.088  0.16720848348696726
-2.076  0.22458054089238394
-2.076  0.22674742464759073
-2.076  0.16936629575765033
-2.076  0.22458054089238394
-2.076  0.22674742464759076
-2.076  0.16936629575765028
-2.076  0.2240134080598377
-2.076  0.22676229234725534
-2.076  0.16795650918996538
-2.076  0.22401340805983797
-2.076  0.22676229234725526
-2.076  0.16795650918996538
-2.064  0.22802090552220147
-2.064  0.22892969182062886
-2.064  0.1697851585096864
-2.064  0.22802090552220147
-2.064  0.22892969182062886
-2.064  0.16978515850968626
-2.064  0.2274502396186535
-2.064  0.2289250703648143
-2.064  0.1683656843984685
-2.064  0.2274502396186535
-2.064  0.2289250703648143
-2.064  0.1683656843984685
-2.052  0.23130882559233737
-2.052  0.2306886249552394
-2.052  0.16991009697192522
-2.052  0.23130882559233745
-2.052  0.23068862495523948
-2.052  0.16991009697192508
-2.052  0.23073392294338166
-2.052  0.23066243913155404
-2.052  0.16849135115407432
-2.052  0.23073392294338166
-2.052  0.23066243913155404
-2.052  0.16849135115407438
-2.04  0.23425653467649227
-2.04  0.2319787021296981
-2.04  0.16980016964599057
-2.04  0.2342565346765081
-2.04  0.23197870212969812
-2.04  0.16980016964599018
-2.04  0.23367679099481672
-2.04  0.23193107462038193
-2.04  0.168390466473463
-2.04  0.23367679099481672
-2.04  0.23193107462038193
-2.04  0.16839046647346304
-2.028  0.23671770942417267
-2.028  0.23280121556950348
-2.028  0.16950521485383155
-2.028  0.23671770942417267
-2.028  0.23280121556950326
-2.028  0.1695052148538314
-2.028  0.23613464230782258
-2.028  0.23273282338022955
-2.028  0.16811082786633938
-2.028  0.23613464230782258
-2.028  0.23273282338022944
-2.028  0.16811082786633944
-2.016  0.2386153280065989
-2.016  0.23321060114410144
-2.016  0.16905968571872693
-2.016  0.2386153280065989
-2.016  0.23321060114410172
-2.016  0.1690596857187268
-2.016  0.23803356583011753
-2.016  0.23312148645055475
-2.016  0.1676852885218886
-2.016  0.23803356583011742
-2.016  0.23312148645055475
-2.016  0.1676852885218886
-2.004  0.23995560365840057
-2.004  0.23331279582440775
-2.004  0.1684836191904851
-2.004  0.23995560365840057
-2.004  0.23331279582440775
-2.004  0.168483619190485
-2.004  0.23938268963408332
-2.004  0.23320180990065986
-2.004  0.1671329020765639
-2.004  0.23938268963408332
-2.004  0.23320180990065986
-2.004  0.1671329020765653
-1.992  0.2408240130731048
-1.992  0.23325579186572767
-1.992  0.16779014295068942
-1.992  0.2408240130731048
-1.992  0.23325579186572767
-1.992  0.1677901429506893
-1.992  0.24026927374763493
-1.992  0.2331205856437477
-1.992  0.16646635513711322
-1.992  0.24026927374763496
-1.992  0.2331205856437477
-1.992  0.16646635513711322
-1.98  0.24136441006210774
-1.98  0.2332132708488277
-1.98  0.16699625138601668
-1.98  0.24136441006210768
-1.98  0.23321327084882765
-1.98  0.16699625138601526
-1.98  0.24083741244321835
-1.98  0.23305057243733765
-1.98  0.16570244856771676
-1.98  0.2408374124432184
-1.98  0.23305057243733765
-1.98  0.16570244856771676
-1.968  0.24174852188331986
-1.968  0.23336322266307483
-1.968  0.16613237412622342
-1.968  0.24174852188331986
-1.968  0.23336322266307483
-1.968  0.16613237412622306
-1.968  0.241257637585585
-1.968  0.23316915716460687
-1.968  0.1648712618406169
-1.968  0.241257637585585
-1.968  0.23316915716460695
-1.968  0.1648712618406169
-1.956  0.24214711049143248
-1.956  0.2338653460176381
-1.956  0.16524706111632784
-1.956  0.2421471104914325
-1.956  0.23386534601763814
-1.956  0.1652470611163277
-1.956  0.24169839547726482
-1.956  0.23363576051572305
-1.956  0.1640204676177211
-1.956  0.24169839547726485
-1.956  0.2336357605157233
-1.956  0.1640204676177211
-1.944  0.2427119207022734
-1.944  0.23484225535462122
-1.944  0.16440517287874265
-1.944  0.24271192070227243
-1.944  0.23484225535462122
-1.944  0.16440517287874257
-1.944  0.24230812489847603
-1.944  0.2345732609267006
-1.944  0.1632132903516997
-1.944  0.24230812489847606
-1.944  0.2345732609267007
-1.944  0.1632132903516997
-1.932  0.24356979755239835
-1.932  0.23636819040330084
-1.932  0.16368019694784408
-1.932  0.2435697975523983
-1.932  0.2363681904033009
-1.932  0.16368019694784397
-1.932  0.24320917009001053
-1.932  0.2360572018535281
-1.932  0.162520763190414
-1.932  0.24320917009001053
-1.932  0.2360572018535283
-1.932  0.162520763190414
-1.92  0.2448227269396138
-1.92  0.23846564491786706
-1.92  0.16314306145015134
-1.92  0.24482272693961377
-1.92  0.23846564491786706
-1.92  0.1631430614501513
-1.92  0.2444975652425412
-1.92  0.23811295205674557
-1.92  0.1620106332002578
-1.92  0.2444975652425415
-1.92  0.23811295205674565
-1.92  0.1620106332002578
-1.908  0.2465459270669688
-1.908  0.24110792129634345
-1.908  0.16285079221258217
-1.908  0.2465459270669688
-1.908  0.24110792129634345
-1.908  0.1628507922125818
-1.908  0.24624140583105167
-1.908  0.24071833699877151
-1.908  0.16173622633324086
-1.908  0.24624140583105167
-1.908  0.2407183369987725
-1.908  0.16173622633324086
-1.896  0.24878102902048863
-1.896  0.2442258826323164
-1.896  0.16283839163304115
-1.896  0.24878102902048863
-1.896  0.24422588263231632
-1.896  0.16283839163304079
-1.896  0.24847532807832204
-1.896  0.24380958670443958
-1.896  0.16172863136233376
-1.896  0.24847532807832204
-1.896  0.24380958670444056
-1.896  0.16172863136233376
-1.884  0.2515279201676504
-1.884  0.2477188063937261
-1.884  0.16311642178896962
-1.884  0.2515279201676504
-1.884  0.2477188063937259
-1.884  0.16311642178896818
-1.884  0.251194579251449
-1.884  0.24729052104810934
-1.884  0.16199467930786723
-1.884  0.25119457925144906
-1.884  0.24729052104810959
-1.884  0.16199467930786723
-1.872  0.25474170608326085
-1.872  0.25146938021543136
-1.872  0.16367519367192748
-1.872  0.25474170608326085
-1.872  0.25146938021543136
-1.872  0.16367519367192712
-1.872  0.25435427262071963
-1.872  0.25104564740593993
-1.872  0.162521587046732
-1.872  0.25435427262071963
-1.872  0.25104564740594026
-1.872  0.162521587046732
-1.86  0.2583390159181787
-1.86  0.25536049112033615
-1.86  0.16449455432341903
-1.86  0.2583390159181787
-1.86  0.2553604911203358
-1.86  0.16449455432341897
-1.86  0.25787674973542773
-1.86  0.2549558287035367
-1.86  0.1632871586202006
-1.86  0.2578767497354286
-1.86  0.2549558287035367
-1.86  0.1632871586202006
-1.848  0.26221269086244264
-1.848  0.2592887618022834
-1.848  0.16555641921412054
-1.848  0.26221269086244264
-1.848  0.25928876180226784
-1.848  0.16555641921411912
-1.848  0.2616651600429295
-1.848  0.2589122380795356
-1.848  0.16427255997688497
-1.848  0.2616651600429297
-1.848  0.2589122380795356
-1.848  0.16427255997689058
-1.836  0.266249304749964
-1.836  0.2631701112218239
-1.836  0.16685594991871178
-1.836  0.2662493047499638
-1.836  0.2631701112218238
-1.836  0.16685594991871164
-1.836  0.2656179232727828
-1.836  0.2628238056515532
-1.836  0.16547350399566155
-1.836  0.265617923272783
-1.836  0.2628238056515532
-1.836  0.16547350399566157
-1.824  0.2703429489394757
-1.824  0.26693685437298814
-1.824  0.1684072342790335
-1.824  0.2703429489394577
-1.824  0.26693685437298803
-1.824  0.168407234279028
-1.824  0.2696388715345185
-1.824  0.26661673813183573
-1.824  0.16690577636426807
-1.824  0.2696388715345185
-1.824  0.26661673813183573
-1.824  0.16690577636426807
-1.812  0.27440182577340955
-1.812  0.2705310705021815
-1.812  0.17024069385574186
-1.812  0.2744018257734095
-1.812  0.2705310705021812
-1.812  0.1702406938557364
-1.812  0.2736412372849308
-1.812  0.2702296874942787
-1.812  0.1686024817087478
-1.812  0.2736412372849309
-1.812  0.2702296874942787
-1.812  0.1686024817087478
-1.8  0.27834897698832783
-1.8  0.2739009143878827
-1.8  0.17239179988219358
-1.8  0.27834897698832783
-1.8  0.2739009143878826
-1.8  0.17239179988219344
-1.8  0.2775477085981297
-1.8  0.27361061395067277
-1.8  0.17060269456091615
-1.8  0.2775477085981297
-1.8  0.27361061395067277
-1.8  0.17060269456091615
-1.788  0.2821214815107371
-1.788  0.2770037846615306
-1.788  0.17488338826686745
-1.788  0.2821214815107371
-1.788  0.2770037846615303
-1.788  0.1748833882668673
-1.788  0.2812907829581442
-1.788  0.2767193648828402
-1.788  0.1729337805495392
-1.788  0.28129078295814425
-1.788  0.2767193648828404
-1.788  0.17293378054953956
-1.776  0.28567182495477883
-1.776  0.2798152836699432
-1.776  0.17770627108751738
-1.776  0.28567182495477883
-1.776  0.2798152836699429
-1.776  0.17770627108751724
-1.776  0.2848163894825283
-1.776  0.2795354334464018
-1.776  0.1755919770885536
-1.776  0.2848163894825286
-1.776  0.2795354334464018
-1.776  0.17559197708855395
-1.764  0.288971423090126
-1.764  0.282339201726886
-1.764  0.18080407999310683
-1.764  0.28897142309012597
-1.764  0.2823392017268859
-1.764  0.1808040799931054
-1.764  0.288089861432335
-1.764  0.28206666651836587
-1.764  0.17852708646966445
-1.764  0.2880898614323351
-1.764  0.28206666651836615
-1.764  0.1785270864696645
-1.752  0.29201215781609924
-1.752  0.28461291984008213
-1.752  0.18406762283943198
-1.752  0.29201215781609896
-1.752  0.2846129198400614
-1.752  0.18406762283943195
-1.752  0.2910993502348529
-1.752  0.2843536359233991
-1.752  0.18163656496728434
-1.752  0.29109935023485367
-1.752  0.2843536359233991
-1.752  0.18163656496728434
-1.74  0.29480079282568156
-1.74  0.2867042754537709
-1.74  0.1873415794600623
-1.74  0.2948007928256815
-1.74  0.28670427545377064
-1.74  0.18734157946006186
-1.74  0.2938511024198311
-1.74  0.28646580779657915
-1.74  0.1847718847560531
-1.74  0.2938511024198319
-1.74  0.2864658077965794
-1.74  0.1847718847560531
-1.728  0.29734488784021684
-1.728  0.2886989661961281
-1.728  0.19044293253676492
-1.728  0.29734488784021684
-1.728  0.2886989661961152
-1.728  0.19044293253676356
-1.728  0.2963551704446891
-1.728  0.2884885705667189
-1.728  0.18775659054466926
-1.728  0.2963551704446899
-1.728  0.288488570566719
-1.728  0.18775659054466926
-1.716  0.2996349425550825
-1.716  0.2906807534462966
-1.716  0.19318709024963765
-1.716  0.2996349425550825
-1.716  0.29068075344628386
-1.716  0.19318709024963637
-1.716  0.29860656185518897
-1.716  0.29050340408503683
-1.716  0.19041197988692482
-1.716  0.298606561855189
-1.716  0.29050340408503766
-1.716  0.19041197988692482
-1.704  0.30163115137126106
-1.704  0.2927091230754966
-1.704  0.19541515108679908
-1.704  0.3016311513712611
-1.704  0.29270912307549574
-1.704  0.19541515108679894
-1.704  0.3005706406238208
-1.704  0.2925659163348409
-1.704  0.19258381290234677
-1.704  0.3005706406238208
-1.704  0.29256591633484114
-1.704  0.1925838129023465
-1.692  0.3032614574609545
-1.692  0.2948003761484794
-1.692  0.19701523952222125
-1.692  0.3032614574609546
-1.692  0.29480037614847937
-1.692  0.19701523952222091
-1.692  0.3021799178197611
-1.692  0.2946877095227098
-1.692  0.1941629833183742
-1.692  0.30217991781976106
-1.692  0.2946877095227099
-1.692  0.1941629833183742
-1.68  0.30443237910507887
-1.68  0.29691836581880554
-1.68  0.19793294740984851
-1.68  0.304432379105079
-1.68  0.29691836581880543
-1.68  0.19793294740984843
-1.68  0.30334405394615066
-1.68  0.2968280988148992
-1.68  0.19509528600678044
-1.68  0.30334405394615066
-1.68  0.2968280988149
-1.68  0.19509528600678042
-1.668  0.3050495500795382
-1.668  0.2989797021862156
-1.668  0.19816995008719818
-1.668  0.3050495500795382
-1.668  0.29897970218621545
-1.668  0.19816995008719818
-1.668  0.3039701529280502
-1.668  0.29890020739748474
-1.668  0.19537954722810869
-1.668  0.3039701529280502
-1.668  0.2989002073974849
-1.668  0.19537954722810866
-1.656  0.3050428973389637
-1.656  0.30087430622704925
-1.656  0.1977739630596898
-1.656  0.3050428973389637
-1.656  0.30087430622704925
-1.656  0.1977739630596895
-1.656  0.30398814124426216
-1.656  0.30079210177380566
-1.656  0.19505750314516795
-1.656  0.3039881412442622
-1.656  0.3007921017738057
-1.656  0.19505750314516915
-1.644  0.3043904459414819
-1.644  0.30249624831189886
-1.644  0.1968256905320745
-1.644  0.3043904459414819
-1.644  0.3024962483118981
-1.644  0.19682569053207447
-1.644  0.303374916418869
-1.644  0.3023978545390412
-1.644  0.19420119748979744
-1.644  0.30337491641886905
-1.644  0.3023978545390415
-1.644  0.19420119748979744
-1.632  0.3031340884270567
-1.632  0.3037748005103968
-1.632  0.19542850576888468
-1.632  0.30313408842705747
-1.632  0.3037748005103967
-1.632  0.19542850576888438
-1.632  0.3021703414386529
-1.632  0.30364850635358026
-1.632  0.19290357758295068
-1.632  0.30217034143865296
-1.632  0.30364850635358054
-1.632  0.19290357758295187
-1.62  0.3013820907110142
-1.62  0.30469482601462305
-1.62  0.19370412131149764
-1.62  0.30138209071101435
-1.62  0.30469482601462305
-1.62  0.19370412131149756
-1.62  0.30047980850514083
-1.62  0.3045320948020442
-1.62  0.19127533136532335
-1.62  0.30047980850514083
-1.62  0.30453209480204446
-1.62  0.19127533136532338
-1.608  0.29929763021928746
-1.608  0.305299552007899
-1.608  0.1917931502144023
-1.608  0.29929763021928746
-1.608  0.305299552007899
-1.608  0.191793150214402
-1.608  0.29846279085041705
-1.608  0.3050958786512115
-1.608  0.18944659256594248
-1.608  0.29846279085041705
-1.608  0.3050958786512116
-1.608  0.18944659256594248
-1.596  0.29707754641264933
-1.596  0.3056751701507759
-1.596  0.18985542004664707
-1.596  0.29707754641264933
-1.596  0.3056751701507759
-1.596  0.18985542004664696
-1.596  0.29631169387919787
-1.596  0.30543038685319535
-1.596  0.18756813607953465
-1.596  0.29631169387919787
-1.596  0.3054303868531956
-1.596  0.18756813607953465
-1.584  0.294927152578632
-1.584  0.3059230147360741
-1.584  0.18806402263628993
-1.584  0.2949271525786321
-1.584  0.305923014736062
-1.584  0.18806402263628977
-1.584  0.29422691356754815
-1.584  0.30564124391689085
-1.584  0.18580591120458634
-1.584  0.2942269135675482
-1.584  0.305641243916903
-1.584  0.18580591120458637
-1.572  0.29303533023248485
-1.572  0.30612945339606146
-1.572  0.1865904628202021
-1.572  0.29303533023248485
-1.572  0.30612945339606135
-1.572  0.18659046282020197
-1.572  0.29239235809312536
-1.572  0.3058189140104349
-1.572  0.18432629861433092
-1.572  0.29239235809312536
-1.572  0.30581891401043515
-1.572  0.18432629861433095
-1.56  0.29155210772694196
-1.56  0.30634433414681755
-1.56  0.1855837524586221
-1.56  0.29155210772694196
-1.56  0.30634433414681755
-1.56  0.1855837524586221
-1.56  0.2909536832369842
-1.56  0.3060169365644325
-1.56  0.18327511336128613
-1.56  0.29095368323698434
-1.56  0.30601693656444484
-1.56  0.18327511336128616
-1.548  0.2905705361042764
-1.548  0.30657481748188564
-1.548  0.18514996872044243
-1.548  0.2905705361042764
-1.548  0.30657481748188564
-1.548  0.18514996872044243
-1.548  0.29000106181601487
-1.548  0.30624514024059885
-1.548  0.1827570923371415
-1.548  0.29000106181601504
-1.548  0.3062451402405991
-1.548  0.1827570923371415
-1.536  0.2901153926632312
-1.536  0.3067941655026256
-1.536  0.18533843150308058
-1.536  0.2901153926632314
-1.536  0.3067941655026256
-1.536  0.18533843150308052
-1.536  0.2895588854046769
-1.536  0.3064773515509672
-1.536  0.18282212948363677
-1.536  0.2895588854046769
-1.536  0.3064773515509681
-1.536  0.18282212948363682
-1.524  0.29014153750069077
-1.524  0.3069584951420101
-1.524  0.1861374264103272
-1.524  0.29014153750069077
-1.524  0.3069584951420101
-1.524  0.18613742641032716
-1.524  0.2895848815732612
-1.524  0.3066670283532976
-1.524  0.18346111969868648
-1.524  0.2895848815732614
-1.524  0.3066670283533098
-1.524  0.18346111969868661
-1.512  0.29054361440310666
-1.512  0.30702227539364446
-1.512  0.18747910909503213
-1.512  0.29054361440310744
-1.512  0.3070222753936444
-1.512  0.18747910909503201
-1.512  0.28997980687641517
-1.512  0.30676233418889987
-1.512  0.18461088333892545
-1.512  0.2899798068764153
-1.512  0.3067623341889007
-1.512  0.18461088333892556
-1.5  0.29117603761226046
-1.5  0.3069461262440565
-1.5  0.18925163854908128
-1.5  0.29117603761226357
-1.5  0.3069461262440565
-1.5  0.1892516385490811
-1.5  0.29060618054398096
-1.5  0.3067147967434971
-1.5  0.1861660826333176
-1.5  0.2906061805439811
-1.5  0.3067147967435004
-1.5  0.1861660826333179
-1.488  0.2918788181623783
-1.488  0.3066958720499532
-1.488  0.1913167097742748
-1.488  0.2918788181623909
-1.488  0.3066958720499531
-1.488  0.19131670977427478
-1.488  0.2913116571752148
-1.488  0.3064804673665737
-1.488  0.18799625804565262
-1.488  0.2913116571752148
-1.488  0.3064804673665859
-1.488  0.18799625804565756
-1.476  0.2925027975928652
-1.476  0.30623660544059855
-1.476  0.19353138349398644
-1.476  0.2925027975928652
-1.476  0.3062366054405985
-1.476  0.19353138349398635
-1.476  0.2919514599969307
-1.476  0.3060165758502626
-1.476  0.18996690719901752
-1.476  0.29195145999693073
-1.476  0.3060165758502637
-1.476  0.18996690719901763
-1.464  0.29292863794125745
-1.464  0.30552779872982133
-1.464  0.19577284448472396
-1.464  0.2929286379412575
-1.464  0.3055277987298212
-1.464  0.19577284448472393
-1.464  0.2924055385046766
-1.464  0.30527865055910625
-1.464  0.1919632684956033
-1.464  0.2924055385046766
-1.464  0.30527865055910713
-1.464  0.19196326849560366
-1.452  0.29307663102527154
-1.452  0.3045247531161232
-1.452  0.19796249142432318
-1.452  0.29307663102527154
-1.452  0.3045247531161229
-1.452  0.1979624914243229
-1.452  0.29258846343286654
-1.452  0.3042226741156385
-1.452  0.19391325199751094
-1.452  0.2925884634328667
-1.452  0.3042226741156396
-1.452  0.19391325199751225
-1.44  0.29290712959336856
-1.44  0.3031880269094001
-1.44  0.20008269906073994
-1.44  0.2929071295933685
-1.44  0.30318802690939695
-1.44  0.20008269906073994
-1.44  0.29245183323318463
-1.44  0.3028138977853625
-1.44  0.1958030151356754
-1.44  0.2924518332331847
-1.44  0.3028138977853628
-1.44  0.19580301513567552
-1.428  0.2924134821195856
-1.428  0.30149721969476817
-1.428  0.2021786690419769
-1.428  0.29241348211958534
-1.428  0.3014972196947679
-1.428  0.20217866904197684
-1.428  0.2919801194003956
-1.428  0.30103921173848885
-1.428  0.1976779713377634
-1.428  0.29198011940041757
-1.428  0.3010392117384898
-1.428  0.19767797133776382
-1.416  0.29161124164402763
-1.416  0.2994619330922816
-1.416  0.20434129116345304
-1.416  0.2916112416440275
-1.416  0.29946193309228136
-1.416  0.204341291163453
-1.416  0.2911824178758675
-1.416  0.2989165231192131
-1.416  0.19962564277952694
-1.416  0.2911824178758676
-1.416  0.2989165231192163
-1.416  0.19962564277954473
-1.404  0.2905285704185597
-1.404  0.2971240456369978
-1.404  0.20667402895181988
-1.404  0.29052857041855945
-1.404  0.2971240456369975
-1.404  0.2066740289518195
-1.404  0.2900840567342674
-1.404  0.296495710103792
-1.404  0.20174367619284414
-1.404  0.2900840567342674
-1.404  0.2964957101037931
-1.404  0.2017436761928453
-1.392  0.2892013905756143
-1.392  0.29455064506578554
-1.392  0.2092535942935229
-1.392  0.2892013905756143
-1.392  0.29455064506577294
-1.392  0.20925359429352278
-1.392  0.2887213934623905
-1.392  0.2938506750631473
-1.392  0.20410264758108967
-1.392  0.2887213934623913
-1.392  0.29385067506314844
-1.392  0.20410264758109
-1.38  0.28767266422104115
-1.38  0.2918212631616491
-1.38  0.2120965125090938
-1.38  0.287672664221041
-1.38  0.2918212631616488
-1.38  0.21209651250909375
-1.38  0.2871397195926684
-1.38  0.29106616355011816
-1.38  0.20671519154626986
-1.38  0.28713971959266854
-1.38  0.2910661635501191
-1.38  0.20671519154627002
-1.368  0.2859911713039434
-1.368  0.28901343712085564
-1.368  0.21514080707458277
-1.368  0.28599117130394336
-1.368  0.28901343712085525
-1.368  0.2151408070745784
-1.368  0.2853905669758462
-1.368  0.28822328290104293
-1.368  0.2095199336681304
-1.368  0.28539056697584625
-1.368  0.28822328290104404
-1.368  0.20951993366813057
-1.356  0.28420523772372003
-1.356  0.2861891311990532
-1.356  0.21824679599571964
-1.356  0.28420523772372
-1.356  0.2861891311990523
-1.356  0.21824679599571858
-1.356  0.2835246945379438
-1.356  0.28538601763395965
-1.356  0.21238352487519838
-1.356  0.28352469453795687
-1.356  0.28538601763396
-1.356  0.21238352487520268
-1.344  0.2823518545429672
-1.344  0.28338461931592923
-1.344  0.22121666964411696
-1.344  0.2823518545429672
-1.344  0.28338461931592834
-1.344  0.22121666964411582
-1.344  0.28158151063349696
-1.344  0.2825910173956463
-1.344  0.21511995561747677
-1.344  0.2815815106334971
-1.344  0.28259101739564724
-1.344  0.21511995561749392
-1.332  0.28044745359193196
-1.332  0.28060773988723275
-1.332  0.22382965200949703
-1.332  0.28044745359193196
-1.332  0.2806077398872128
-1.332  0.22382965200949287
-1.332  0.27958082870285594
-1.332  0.27984442803531046
-1.332  0.21752377885493332
-1.332  0.279580828702856
-1.332  0.27984442803531134
-1.332  0.21752377885493343
-1.32  0.2784875634856648
-1.32  0.2778455762477357
-1.32  0.2258863887475498
-1.32  0.2784875634856647
-1.32  0.2778455762477164
-1.32  0.2258863887475498
-1.32  0.2775233363059715
-1.32  0.27712912788642696
-1.32  0.2194111778565383
-1.32  0.2775233363059715
-1.32  0.27712912788644034
-1.32  0.2194111778565394
-1.308  0.2764570871382977
-1.308  0.2750810560336643
-1.308  0.22725223912189804
-1.308  0.2764570871382969
-1.308  0.2750810560336642
-1.308  0.227252239121894
-1.308  0.275400736212281
-1.308  0.2744214907344279
-1.308  0.22065939141990706
-1.308  0.2754007362122811
-1.308  0.27442149073442884
-1.308  0.22065939141990817
-1.296  0.2743455650146582
-1.296  0.2723115440224917
-1.296  0.22788708814341213
-1.296  0.2743455650146582
-1.296  0.27231154402249075
-1.296  0.22788708814340808
-1.296  0.2732097557800904
-1.296  0.27171113863814916
-1.296  0.22123332487629577
-1.296  0.2732097557800906
-1.296  0.27171113863814955
-1.296  0.22123332487629585
-1.284  0.2721586594834791
-1.284  0.26956061181566526
-1.284  0.2278524112800106
-1.284  0.2721586594834791
-1.284  0.26956061181566493
-1.284  0.22785241128000946
-1.284  0.27096185565721925
-1.284  0.26901453906343076
-1.284  0.22119120114004753
-1.284  0.27096185565721925
-1.284  0.2690145390634343
-1.284  0.2211912011400478
-1.272  0.2699200892892853
-1.272  0.2668774100062348
-1.272  0.22729417850673325
-1.272  0.2699200892892853
-1.272  0.26687741000623383
-1.272  0.22729417850673317
-1.272  0.26868380547785364
-1.272  0.2663759849944036
-1.272  0.2206683216144061
-1.272  0.2686838054778537
-1.272  0.26637598499440396
-1.272  0.22066832161440622
-1.26  0.26766433779308885
-1.26  0.26432429644478705
-1.26  0.22640842842298556
-1.26  0.2676643377930888
-1.26  0.26432429644478694
-1.26  0.22640842842298453
-1.26  0.26641005996123507
-1.26  0.2638558694772307
-1.26  0.2198453811550055
-1.26  0.2664100599612351
-1.26  0.2638558694772317
-1.26  0.21984538115500554
-1.248  0.26542553785261014
-1.248  0.26195901883843814
-1.248  0.22540080346987118
-1.248  0.2654255378526101
-1.248  0.2619590188384378
-1.248  0.2254008034698711
-1.248  0.26417226519441195
-1.248  0.2615125020409588
-1.248  0.21891165315353797
-1.248  0.26417226519441195
-1.248  0.2615125020409598
-1.248  0.21891165315353822
-1.236  0.2632295041148172
-1.236  0.2598201049357837
-1.236  0.22445109164472754
-1.236  0.26322950411481716
-1.236  0.2598201049357834
-1.236  0.2244510916447272
-1.236  0.26199231989412675
-1.236  0.25938667393212206
-1.236  0.21803306026215524
-1.236  0.26199231989412697
-1.236  0.2593866739321224
-1.236  0.21803306026215527
-1.224  0.2610932625303611
-1.224  0.2579221193368181
-1.224  0.22369028702646968
-1.224  0.2610932625303611
-1.224  0.25792211933681713
-1.224  0.22369028702646931
-1.224  0.25988280612945247
-1.224  0.25749627611267273
-1.224  0.21733191977599842
-1.224  0.2598828061294528
-1.224  0.2574962761126728
-1.224  0.21733191977599853
-1.212  0.2590309948319477
-1.212  0.2562619663723059
-1.212  0.22319251813560043
-1.212  0.25903099483194764
-1.212  0.2562619663723058
-1.212  0.22319251813560034
-1.212  0.25785350230714854
-1.212  0.2558424360495394
-1.212  0.21688035522231222
-1.212  0.25785350230714854
-1.212  0.2558424360495397
-1.212  0.21688035522231233
-1.2  0.2570606974672244
-1.2  0.2548313834097788
-1.2  0.22297913018710153
-1.2  0.2570606974672244
-1.2  0.25483138340977846
-1.2  0.2229791301871015
-1.2  0.25591839918364406
-1.2  0.25442213585047724
-1.2  0.21670459733743522
-1.2  0.255918399183645
-1.2  0.2544221358504783
-1.2  0.2167045973374355
-1.188  0.255205701999552
-1.188  0.25362797665074344
-1.188  0.22302946437027063
-1.188  0.255205701999552
-1.188  0.25362797665074216
-1.188  0.22302946437027057
-1.188  0.25409761152385113
-1.188  0.25323923144594995
-1.188  0.21679487814975654
-1.188  0.25409761152385124
-1.188  0.25323923144595367
-1.188  0.2167948781497577
-1.176  0.2534897372689051
-1.176  0.2526593479845778
-1.176  0.22329373538420566
-1.176  0.2534897372689051
-1.176  0.2526593479845775
-1.176  0.22329373538420566
-1.176  0.25241300581456805
-1.176  0.25230809010005323
-1.176  0.21711660513014389
-1.176  0.2524130058145681
-1.176  0.2523080901000542
-1.176  0.217116605130144
-1.164  0.25192966048405785
-1.164  0.2519397231350979
-1.164  0.22370641632445146
-1.164  0.25192966048405785
-1.164  0.2519397231350976
-1.164  0.22370641632445118
-1.164  0.2508815364338257
-1.164  0.2516492618030175
-1.164  0.21762151077446218
-1.164  0.250881536433826
-1.164  0.2516492618030176
-1.164  0.21762151077446334
-1.152  0.25053188081711747
-1.152  0.2514816981787809
-1.152  0.22420042373446902
-1.152  0.25053188081711747
-1.152  0.2514816981787805
-1.152  0.22420042373446888
-1.152  0.24951187985505097
-1.152  0.2512801433192101
-1.152  0.2182593114895601
-1.152  0.24951187985505105
-1.152  0.2512801433192102
-1.152  0.218259311489577
-1.14  0.2492954576196654
-1.14  0.2512856383082747
-1.14  0.2247212662642512
-1.14  0.2492954576196654
-1.14  0.25128563830826095
-1.14  0.22472126626425118
-1.14  0.24830684602375372
-1.14  0.251203673063279
-1.14  0.21898931585527168
-1.14  0.24830684602375383
-1.14  0.25120367306327906
-1.14  0.21898931585527173
-1.128  0.24821949433543572
-1.128  0.2513284296105267
-1.128  0.2252377324562043
-1.128  0.24821949433543572
-1.128  0.2513284296105257
-1.128  0.22523773245620418
-1.128  0.24726905750984104
-1.128  0.25139715952194036
-1.128  0.2197889516945909
-1.128  0.24726905750984116
-1.128  0.25139715952194064
-1.128  0.21978895169459198
-1.116  0.24730903902506948
-1.116  0.25155442517767956
-1.116  0.22574515321776784
-1.116  0.24730903902506948
-1.116  0.25155442517767923
-1.116  0.22574515321776784
-1.116  0.24640468858985823
-1.116  0.2518040805550698
-1.116  0.22065567786102075
-1.116  0.24640468858985848
-1.116  0.2518040805550736
-1.116  0.22065567786102083
-1.104  0.24657462233119437
-1.104  0.2518733364586927
-1.104  0.22626038924253922
-1.104  0.24657462233119437
-1.104  0.2518733364586914
-1.104  0.22626038924253894
-1.104  0.245721569030603
-1.104  0.25233304488912517
-1.104  0.22160168066115773
-1.104  0.24572156903060305
-1.104  0.2523330448891255
-1.104  0.22160168066115798
-1.092  0.24602465894349776
-1.092  0.2521688523185495
-1.092  0.22681206304585433
-1.092  0.24602465894349776
-1.092  0.25216885231854913
-1.092  0.22681206304585433
-1.092  0.24522202329050447
-1.092  0.25286687182785406
-1.092  0.22264481220584387
-1.092  0.24522202329050447
-1.092  0.25286687182785417
-1.092  0.22264481220584395
-1.08  0.24565408223938706
-1.08  0.25231684144979344
-1.08  0.22743123494668593
-1.08  0.24565408223938728
-1.08  0.2523168414497931
-1.08  0.22743123494668593
-1.08  0.24489416609448708
-1.08  0.25328020428094655
-1.08  0.22380070053109927
-1.08  0.244894166094491
-1.08  0.25328020428094694
-1.08  0.22380070053109935
-1.068  0.24543441630468765
-1.068  0.25220660528574823
-1.068  0.22814562982125655
-1.068  0.24543441630468765
-1.068  0.25220660528574784
-1.068  0.22814562982125647
-1.068  0.24470605533925818
-1.068  0.25345948870419627
-1.068  0.22507887406989333
-1.068  0.2447060553392583
-1.068  0.2534594887041966
-1.068  0.22507887406989335
-1.056  0.2453096270006767
-1.056  0.2517574677882131
-1.056  0.22897726936063803
-1.056  0.2453096270006767
-1.056  0.25175746778821284
-1.056  0.228977269360638
-1.056  0.24460542960446638
-1.056  0.2533185040261567
-1.056  0.2264825797078131
-1.056  0.24460542960446738
-1.056  0.2533185040261571
-1.056  0.22648257970781416
-1.044  0.2451995372301314
-1.044  0.25092687475741454
-1.044  0.2299417763783769
-1.044  0.24519953723013152
-1.044  0.2509268747574141
-1.044  0.2299417763783769
-1.044  0.244525166556051
-1.044  0.25280634387764994
-1.044  0.22801039862777023
-1.044  0.24452516655605105
-1.044  0.2528063438776503
-1.044  0.22801039862777434
-1.032  0.24500983836533413
-1.032  0.24971121473686586
-1.032  0.23104798331385765
-1.032  0.24500983836533413
-1.032  0.24971121473686575
-1.032  0.2310479833138574
-1.032  0.244392443476015
-1.032  0.25190916830414256
-1.032  0.22965804663620437
-1.032  0.24439244347601596
-1.032  0.2519091683041436
-1.032  0.22965804663620465
-1.02  0.24464609777172508
-1.02  0.2481424157893229
-1.02  0.23229747350457622
-1.02  0.24464609777172508
-1.02  0.24814241578930987
-1.02  0.23229747350457616
-1.02  0.2441388114822452
-1.02  0.2506482662297041
-1.02  0.23141960959387955
-1.02  0.24413881148224523
-1.02  0.250648266229708
-1.02  0.23141960959388064
-1.008  0.24402893694980904
-1.008  0.24628175717595713
-1.008  0.23368434485376355
-1.008  0.24402893694980912
-1.008  0.2462817571759568
-1.008  0.2336843448537633
-1.008  0.24370915565175738
-1.008  0.2490750582595068
-1.008  0.2332880093802115
-1.008  0.24370915565175738
-1.008  0.24907505825950782
-1.008  0.23328800938021185
-0.996  0.24310770561240153
-0.996  0.2442104909079083
-0.996  0.23519563701052568
-0.996  0.24310770561240153
-0.996  0.24421049090790803
-0.996  0.23519563701052562
-0.996  0.2430687023845797
-0.996  0.24726199580305244
-0.996  0.23525469668277052
-0.996  0.24306870238458358
-0.996  0.2472619958030563
-0.996  0.2352546966827709
-0.984  0.24186960079028572
-0.984  0.24201731806571028
-0.984  0.23681265287204248
-0.984  0.2418696007902858
-0.984  0.24201731806569496
-0.984  0.23681265287204237
-0.984  0.2422074793994912
-0.984  0.2452893444880621
-0.984  0.23730873742524933
-0.984  0.24220747939949222
-0.984  0.2452893444880632
-0.984  0.2373087374252494
-0.972  0.2403410823169898
-0.972  0.23978494439985823
-0.972  0.23851304652666963
-0.972  0.24034108231699366
-0.972  0.23978494439985723
-0.972  0.23851304652666952
-0.972  0.24114099371328152
-0.972  0.2432306195165218
-0.972  0.23943575360033656
-0.972  0.2411409937132818
-0.972  0.24323061951652206
-0.972  0.23943575360033661
-0.96  0.2385801736861988
-0.96  0.2375795070512629
-0.96  0.2402732615397303
-0.96  0.23858017368619902
-0.96  0.23757950705126188
-0.96  0.2402732615397303
-0.96  0.23990578384331523
-0.96  0.24114117889545889
-0.96  0.2416174128155877
-0.96  0.23990578384331535
-0.96  0.24114117889545897
-0.96  0.24161741281558782
-0.948  0.23666164605549111
-0.948  0.23544600405125052
-0.948  0.2420707897647591
-0.948  0.23666164605549111
-0.948  0.23544600405125043
-0.948  0.24207078976475904
-0.948  0.2385498396687832
-0.948  0.2390535812609097
-0.948  0.24383197607008306
-0.948  0.2385498396687843
-0.948  0.23905358126091075
-0.948  0.24383197607008306
-0.936  0.23465986526519952
-0.936  0.2334101130523181
-0.936  0.24388572918682824
-0.936  0.23465986526519958
-0.936  0.23341011305231776
-0.936  0.243885729186828
-0.936  0.23711997228502865
-0.936  0.2369803271705418
-0.936  0.24605573508154296
-0.936  0.23711997228502865
-0.936  0.23698032717054215
-0.936  0.24605573508154302
-0.924  0.23263426350385963
-0.924  0.231483431565748
-0.924  0.2457013065103337
-0.924  0.23263426350385963
-0.924  0.23148343156574697
-0.924  0.2457013065103334
-0.924  0.23564961898248987
-0.924  0.23492118328405331
-0.924  0.24826458287999079
-0.924  0.2356496189824901
-0.924  0.23492118328405362
-0.924  0.24826458287999104
-0.912  0.23062051607863235
-0.912  0.2296674058544198
-0.912  0.24750368372437262
-0.912  0.23062051607863263
-0.912  0.22966740585441972
-0.912  0.24750368372436876
-0.912  0.2341506338141387
-0.912  0.23287040933718414
-0.912  0.2504353382323005
-0.912  0.2341506338141387
-0.912  0.23287040933718425
-0.912  0.25043533823230074
-0.9  0.22862860827063755
-0.9  0.2279528319047092
-0.9  0.24928231809908033
-0.9  0.22862860827063758
-0.9  0.22795283190470908
-0.9  0.24928231809908025
-0.9  0.2326117265554155
-0.9  0.23082044050885764
-0.9  0.25254770751521927
-0.9  0.23261172655541562
-0.9  0.23082044050885872
-0.9  0.2525477075152193
-0.888  0.22664787731200003
-0.888  0.22631621035458546
-0.888  0.25103221493386857
-0.888  0.22664787731200012
-0.888  0.2263162103545854
-0.888  0.2510322149338685
-0.888  0.23100469418703629
-0.888  0.22876231893238913
-0.888  0.25458829987790393
-0.888  0.23100469418703629
-0.888  0.22876231893238916
-0.888  0.25458829987790427
-0.876  0.22465779874705513
-0.876  0.22471796775316288
-0.876  0.25275766643632464
-0.876  0.2246577987470554
-0.876  0.22471796775316283
-0.876  0.2527576664363246
-0.876  0.2292971766360223
-0.876  0.22668608404674895
-0.876  0.256556482947364
-0.876  0.2292971766360226
-0.876  0.22668608404674997
-0.876  0.25655648294736405
-0.864  0.22264114936867577
-0.864  0.22310721161893296
-0.864  0.2544747158228626
-0.864  0.22264114936867577
-0.864  0.2231072116189329
-0.864  0.25447471582286224
-0.864  0.22746761923361133
-0.864  0.22458351472366408
-0.864  0.2584691880289354
-0.864  0.2274676192336116
-0.864  0.22458351472366414
-0.864  0.2584691880289363
-0.852  0.2205945810150066
-0.852  0.2214333434213921
-0.852  0.2562093523578273
-0.852  0.2205945810150066
-0.852  0.22143334342139195
-0.852  0.25620935235782727
-0.852  0.22551624868711248
-0.852  0.2224522138879043
-0.852  0.26036103388394244
-0.852  0.22551624868711242
-0.852  0.2224522138879044
-0.852  0.2603610338839427
-0.84  0.21853245083034034
-0.84  0.2196600146991937
-0.84  0.25799139530816156
-0.84  0.2185324508303404
-0.84  0.21966001469919252
-0.84  0.25799139530816056
-0.84  0.22346728747981176
-0.84  0.22029805150628615
-0.84  0.2622786942306502
-0.84  0.22346728747981176
-0.84  0.22029805150628623
-0.84  0.2622786942306505
-0.828  0.21648294899703624
-0.828  0.2177752516255867
-0.828  0.2598477517875
-0.828  0.21648294899703652
-0.828  0.21777525162558636
-0.828  0.25984775178749914
-0.828  0.22136214580449023
-0.828  0.2181344735778147
-0.828  0.26427212856387894
-0.828  0.22136214580449035
-0.828  0.21813447357781898
-0.828  0.2642721285638798
-0.816  0.21447913537865768
-0.816  0.21579406258048883
-0.816  0.26179948878275455
-0.816  0.21447913537865768
-0.816  0.21579406258048872
-0.816  0.26179948878275355
-0.816  0.21924789950401719
-0.816  0.21598015413935653
-0.816  0.26638669804310267
-0.816  0.21924789950401719
-0.816  0.21598015413935662
-0.816  0.26638669804310267
-0.804  0.21254945147199766
-0.804  0.21375430717101937
-0.804  0.26386376076417645
-0.804  0.21254945147199766
-0.804  0.21375430717101504
-0.804  0.26386376076417284
-0.804  0.21716686074185712
-0.804  0.21385774386443324
-0.804  0.26865823067275446
-0.804  0.21716686074185723
-0.804  0.21385774386443324
-0.804  0.26865823067275457
-0.792  0.21071193643155794
-0.792  0.21170948577363485
-0.792  0.26605702543650017
-0.792  0.21071193643155794
-0.792  0.21170948577363452
-0.792  0.26605702543649984
-0.792  0.21515106576460408
-0.792  0.21179498822805515
-0.792  0.2711100674950653
-0.792  0.21515106576460438
-0.792  0.21179498822805515
-0.792  0.2711100674950653
-0.78  0.20897407340677296
-0.78  0.20972139522932864
-0.78  0.268394605019525
-0.78  0.20897407340677296
-0.78  0.20972139522931096
-0.78  0.26839460501952406
-0.78  0.21322205444666492
-0.78  0.20982659566601491
-0.78  0.27375011798026716
-0.78  0.21322205444666525
-0.78  0.209826595666015
-0.78  0.2737501179802675
-0.768  0.20733688753929316
-0.768  0.20785266609567515
-0.768  0.27088479508459984
-0.768  0.20733688753929316
-0.768  0.20785266609567404
-0.768  0.27088479508459945
-0.768  0.2113935946279652
-0.768  0.20799322012366367
-0.768  0.2765675162303773
-0.768  0.2113935946279652
-0.768  0.2079932201236648
-0.768  0.27656751623037734
-0.756  0.2057994048405744
-0.756  0.20615743801282532
-0.756  0.27352002079709986
-0.756  0.2057994048405744
-0.756  0.20615743801282488
-0.756  0.27352002079708626
-0.756  0.20967415028025088
-0.756  0.20633460587060337
-0.756  0.2795301926147829
-0.756  0.20967415028025202
-0.756  0.20633460587060337
-0.756  0.2795301926147829
-0.744  0.20435990530758494
-0.744  0.2046699524181943
-0.744  0.27626901643791874
-0.744  0.20435990530758505
-0.744  0.2046699524181939
-0.744  0.27626901643791774
-0.744  0.20806714848018582
-0.744  0.20487753902843003
-0.744  0.28258450638432525
-0.744  0.20806714848018587
-0.744  0.20487753902843003
-0.744  0.28258450638432864
-0.732  0.20301388870136558
-0.732  0.20339463320757145
-0.732  0.27907256509899087
-0.732  0.20301388870136558
-0.732  0.20339463320757112
-0.732  0.2790725650989709
-0.732  0.20656981713055647
-0.732  0.20362381866851134
-0.732  0.28565688001937056
-0.732  0.20656981713055647
-0.732  0.2036238186685114
-0.732  0.2856568800193708
-0.72  0.20175267825348875
-0.72  0.20230397848827159
-0.72  0.2818438711844098
-0.72  0.20175267825348875
-0.72  0.202303978488267
-0.72  0.2818438711844097
-0.72  0.2051737257346898
-0.72  0.2025458013123017
-0.72  0.28865727003299424
-0.72  0.2051737257346898
-0.72  0.20254580131230182
-0.72  0.2886572700329952
-0.708  0.20056731635321717
-0.708  0.20134913207943003
-0.708  0.284474853892569
-0.708  0.20056731635321717
-0.708  0.20134913207942992
-0.708  0.2844748538925678
-0.708  0.20387001054007123
-0.708  0.20159484162863783
-0.708  0.2914857236712774
-0.708  0.20387001054007578
-0.708  0.20159484162864244
-0.708  0.2914857236712783
-0.696  0.1994585537639467
-0.696  0.20048188992790555
-0.696  0.28685038614072955
-0.696  0.19945855376394658
-0.696  0.20048188992790097
-0.696  0.28685038614070824
-0.696  0.2026591062388841
-0.696  0.20072153073841337
-0.696  0.29404454380661754
-0.696  0.20265910623888422
-0.696  0.2007215307384134
-0.696  0.2940445438066177
-0.684  0.19844819794950655
-0.684  0.19967952425547178
-0.684  0.28887160848982435
-0.684  0.19844819794950655
-0.684  0.19967952425547167
-0.684  0.2888716084898208
-0.684  0.20156083337052935
-0.684  0.1998994813467269
-0.684  0.29625785011472755
-0.684  0.20156083337052946
-0.684  0.199899481346727
-0.684  0.2962578501147278
-0.672  0.19758469776020018
-0.672  0.1989606811020736
-0.672  0.29048615372134556
-0.672  0.19758469776020016
-0.672  0.19896068110207357
-0.672  0.29048615372134196
-0.672  0.20061925275068826
-0.672  0.1991413849555835
-0.672  0.29809717222107035
-0.672  0.2006192527506884
-0.672  0.19914138495558362
-0.672  0.2980971722210712
-0.66  0.19693895582243867
-0.66  0.19838494947066032
-0.66  0.2917184510266224
-0.66  0.19693895582243867
-0.66  0.19838494947066
-0.66  0.29171845102662125
-0.66  0.1998993147508631
-0.66  0.19849997536706604
-0.66  0.2996072158224845
-0.66  0.1998993147508632
-0.66  0.19849997536706612
-0.66  0.2996072158224848
-0.648  0.1965924308928824
-0.648  0.1980378795902527
-0.648  0.2926891660330847
-0.648  0.1965924308928824
-0.648  0.19803787959025262
-0.648  0.2926891660330715
-0.648  0.1994770583965443
-0.648  0.19805510806486556
-0.648  0.30092186756544376
-0.648  0.19947705839654467
-0.648  0.19805510806487028
-0.648  0.30092186756544415
-0.636  0.19662351320303553
-0.636  0.19801040537082806
-0.636  0.2936120671483362
-0.636  0.19662351320303553
-0.636  0.19801040537082806
-0.636  0.29361206714833177
-0.636  0.1994281275639331
-0.636  0.19789516701764132
-0.636  0.30225945460601256
-0.636  0.1994281275639335
-0.636  0.19789516701764162
-0.636  0.3022594546060136
-0.624  0.1970971799386588
-0.624  0.1983818905108316
-0.624  0.2947621987890811
-0.624  0.1970971799386588
-0.624  0.19838189051083133
-0.624  0.29476219878907756
-0.624  0.1998185210699936
-0.624  0.19810157414805074
-0.624  0.3038912544880617
-0.624  0.19981852106999404
-0.624  0.19810157414806834
-0.624  0.3038912544880621
-0.612  0.1980588506782586
-0.612  0.1992104997819359
-0.612  0.29642058264847404
-0.612  0.19805885067825743
-0.612  0.19921049978193586
-0.612  0.29642058264847054
-0.612  0.20069816865625145
-0.612  0.19873999608005646
-0.612  0.30608799649580215
-0.612  0.20069816865625156
-0.612  0.19873999608005674
-0.612  0.30608799649582674
-0.6  0.199530091492094
-0.6  0.20052861861431778
-0.6  0.2988114155874993
-0.6  0.1995300914920937
-0.6  0.2005286186143178
-0.6  0.2988114155874858
-0.6  0.20209534610758584
-0.6  0.19985590872366943
-0.6  0.30905973658121305
-0.6  0.20209534610758623
-0.6  0.19985590872366954
-0.6  0.30905973658121333
-0.588  0.20150379938262464
-0.588  0.20233916084596662
-0.588  0.302051082398584
-0.588  0.20150379938262453
-0.588  0.20233916084596779
-0.588  0.3020510823985592
-0.588  0.204010128837539
-0.588  0.2014701183432631
-0.588  0.31290825491264684
-0.588  0.20401012883754363
-0.588  0.20147011834326337
-0.588  0.312908254912659
-0.576  0.20393917505124082
-0.576  0.20461124164417788
-0.576  0.3061235212932974
-0.576  0.20393917505124073
-0.576  0.2046112416441779
-0.576  0.3061235212932931
-0.576  0.20640755132884225
-0.576  0.20357244668595267
-0.576  0.3176066731886075
-0.576  0.20640755132884345
-0.576  0.20357244668595273
-0.576  0.31760667318860863
-0.564  0.20675959374724423
-0.564  0.20727753304795002
-0.564  0.31088777003695567
-0.564  0.20675959374724392
-0.564  0.20727753304794977
-0.564  0.3108877700369545
-0.564  0.20921377634415014
-0.564  0.206116062911362
-0.564  0.323011817524071
-0.564  0.20921377634415134
-0.564  0.20611606291136214
-0.564  0.3230118175240827
-0.552  0.209856953181157
-0.552  0.2102369733456111
-0.552  0.3161143429980539
-0.552  0.20985695318115666
-0.552  0.2102369733456111
-0.552  0.316114342998041
-0.552  0.21231921893169878
-0.552  0.20901695873650633
-0.552  0.3289044661775657
-0.552  0.21231921893171632
-0.552  0.20901695873650647
-0.552  0.3289044661775689
-0.54  0.2131036238973822
-0.54  0.21336450638585414
-0.54  0.32153854841293805
-0.54  0.2131036238973822
-0.54  0.2133645063858541
-0.54  0.32153854841291024
-0.54  0.2155903013714809
-0.54  0.21216119643982884
-0.54  0.3350432256193475
-0.54  0.215590301371482
-0.54  0.21216119643982917
-0.54  0.3350432256193589
-0.528  0.21636938575877637
-0.528  0.21652621160612243
-0.528  0.32691270060219246
-0.528  0.21636938575877626
-0.528  0.21652621160612243
-0.528  0.3269127006021911
-0.528  0.21888743923532153
-0.528  0.21541850072141971
-0.528  0.3412125237451348
-0.528  0.21888743923532578
-0.528  0.21541850072141985
-0.528  0.3412125237451459
-0.516  0.21953821768014523
-0.516  0.21959596458156408
-0.516  0.33203927701114977
-0.516  0.21953821768014478
-0.516  0.219595964581564
-0.516  0.33203927701113733
-0.516  0.2220836634687945
-0.516  0.21865777521215898
-0.516  0.3472480149435051
-0.516  0.22208366346879485
-0.516  0.21865777521215932
-0.516  0.34724801494350827
-0.504  0.22251999336716466
-0.504  0.2224695961962298
-0.504  0.3367760965669589
-0.504  0.22251999336716452
-0.504  0.22246959619622983
-0.504  0.33677609656695484
-0.504  0.225078269421181
-0.504  0.22176031800013227
-0.504  0.3530341200208988
-0.504  0.22507826942118112
-0.504  0.22176031800013246
-0.504  0.3530341200209024
-0.492  0.22525472286468043
-0.492  0.22507406119522322
-0.492  0.3410194182881975
-0.492  0.22525472286467615
-0.492  0.22507406119522322
-0.492  0.3410194182881934
-0.492  0.2278029336462556
-0.492  0.22462924857896055
-0.492  0.35848283420026356
-0.492  0.22780293364625567
-0.492  0.2246292485789608
-0.492  0.3584828342002647
-0.48  0.22771039248183134
-0.48  0.22737128275033572
-0.48  0.3446824849096968
-0.48  0.2277103924818311
-0.48  0.2273712827503316
-0.48  0.34468248490968195
-0.48  0.23022136023402637
-0.48  0.22719613628880547
-0.48  0.3635113991699364
-0.48  0.23022136023402667
-0.48  0.22719613628880578
-0.48  0.3635113991699476
-0.468  0.22987767142877577
-0.468  0.2293575306084103
-0.468  0.3476871272313539
-0.468  0.22987767142877544
-0.468  0.2293575306084103
-0.468  0.34768712723134115
-0.468  0.23232518151204687
-0.468  0.22942568790775378
-0.468  0.3680334614570036
-0.468  0.23232518151204826
-0.468  0.22942568790775789
-0.468  0.36803346145703697
-0.456  0.23176453654228263
-0.456  0.23105872304210245
-0.456  0.34997446426548634
-0.456  0.23176453654228218
-0.456  0.23105872304210243
-0.456  0.3499744642654822
-0.456  0.23412822836825664
-0.456  0.23131720000393147
-0.456  0.3719665049636029
-0.456  0.23412822836825709
-0.456  0.23131720000393255
-0.456  0.37196650496360406
-0.444  0.2333919157341659
-0.444  0.232521345671083
-0.444  0.35152618144241077
-0.444  0.2333919157341655
-0.444  0.232521345671083
-0.444  0.3515261814423953
-0.444  0.23566000864138822
-0.444  0.23290026655146165
-0.444  0.3752466991069745
-0.444  0.23566000864139258
-0.444  0.232900266551462
-0.444  0.3752466991069758
-0.432  0.2347898317967453
-0.432  0.2337997817563794
-0.432  0.35238084419478766
-0.432  0.23478983179674395
-0.432  0.2337997817563794
-0.432  0.35238084419477217
-0.432  0.23695878175626442
-0.432  0.2342240854499851
-0.432  0.3778395337144251
-0.432  0.23695878175626867
-0.432  0.23422408544998538
-0.432  0.3778395337144362
-0.42  0.2359936854558702
-0.42  0.23494364802036866
-0.42  0.3526344554760595
-0.42  0.2359936854558659
-0.42  0.23494364802036866
-0.42  0.3526344554760238
-0.42  0.2380652751203885
-0.42  0.2353437966055174
-0.42  0.3797419086263193
-0.42  0.2380652751203889
-0.42  0.23534379660551877
-0.42  0.3797419086263302
-0.408  0.23704176962940993
-0.408  0.23599071484200515
-0.408  0.3524260528236672
-0.408  0.2370417696294095
-0.408  0.23599071484200515
-0.408  0.35242605282365136
-0.408  0.23901909660389534
-0.408  0.2363104414491284
-0.408  0.38098087729982366
-0.408  0.23901909660389667
-0.408  0.2363104414491288
-0.408  0.38098087729982744
-0.396  0.23797584718925682
-0.396  0.23696947092329848
-0.396  0.3519176212065658
-0.396  0.2379758471892459
-0.396  0.23696947092330872
-0.396  0.35191762120651937
-0.396  0.23985981432464643
-0.396  0.23717008848012097
-0.396  0.38161609343885283
-0.396  0.23985981432464687
-0.396  0.23717008848012494
-0.396  0.3816160934388549
-0.384  0.23884493216454072
-0.384  0.2379099874529088
-0.384  0.35127658839068393
-0.384  0.23884493216453928
-0.384  0.2379099874529088
-0.384  0.3512765883906652
-0.384  0.24063233058106864
-0.384  0.237971786336652
-0.384  0.3817451857153299
-0.384  0.24063233058107292
-0.384  0.23797178633665242
-0.384  0.38174518571534344
-0.372  0.23970888816418476
-0.372  0.23885546139176952
-0.372  0.35066141201556084
-0.372  0.2397088881641834
-0.372  0.2388554613917696
-0.372  0.350661412015544
-0.372  0.241392360329742
-0.372  0.23877688470826555
-0.372  0.38150208183829115
-0.372  0.24139236032974346
-0.372  0.23877688470826988
-0.372  0.3815020818383031
-0.36  0.24063622748002686
-0.36  0.23986456146052645
-0.36  0.3502050112131507
-0.36  0.24063622748002542
-0.36  0.23986456146052673
-0.36  0.35020501121313075
-0.36  0.24220564241021852
-0.36  0.2396596701618932
-0.36  0.3810379161242819
-0.36  0.24220564241021916
-0.36  0.23965967016190903
-0.36  0.3810379161243203
-0.348  0.2416926897504349
-0.348  0.24099931646764128
-0.348  0.34999302413546446
-0.348  0.24169268975043345
-0.348  0.2409993164676451
-0.348  0.34999302413544636
-0.348  0.24313699572072991
-0.348  0.24069411756762363
-0.348  0.3804845853047802
-0.348  0.24313699572073072
-0.348  0.240694117567628
-0.348  0.38048458530478574
-0.336  0.24292343528173335
-0.336  0.24230246711274986
-0.336  0.35004189326958435
-0.336  0.2429234352817291
-0.336  0.2423024671127508
-0.336  0.3500418932695358
-0.336  0.24423200310653245
-0.336  0.24193088036407792
-0.336  0.37991447218404045
-0.336  0.2442320031065331
-0.336  0.2419308803640793
-0.336  0.37991447218404595
-0.324  0.24433738811414915
-0.324  0.2437757134730699
-0.324  0.35028814243672973
-0.324  0.24433738811414382
-0.324  0.24377571347307014
-0.324  0.3502881424367087
-0.324  0.2455002559684407
-0.324  0.24337585558193287
-0.324  0.3793161789563721
-0.324  0.245500255968446
-0.324  0.24337585558193747
-0.324  0.379316178956387
-0.312  0.24590243938949422
-0.312  0.24537094805034892
-0.312  0.3505992501090372
-0.312  0.24590243938948964
-0.312  0.24537094805034917
-0.312  0.3505992501089848
-0.312  0.24690963586614104
-0.312  0.24498192537572838
-0.312  0.3786009242490543
-0.312  0.24690963586615755
-0.312  0.24498192537573377
-0.312  0.37860092424906994
-0.3  0.24755448264243227
-0.3  0.24700012294293575
-0.3  0.3508082572638353
-0.3  0.24755448264243138
-0.3  0.2470001229429367
-0.3  0.35080825726380244
-0.3  0.24839542573670087
-0.3  0.24665899743443087
-0.3  0.37764068277344864
-0.3  0.24839542573671575
-0.3  0.24665899743444505
-0.3  0.37764068277346685
-0.288  0.2492160564557763
-0.288  0.24856004417606878
-0.288  0.35076331740204764
-0.288  0.24921605645577452
-0.288  0.24856004417606878
-0.288  0.35076331740199224
-0.288  0.24988035621634663
-0.288  0.2482985112929544
-0.288  0.3763243791385953
-0.288  0.2498803562163632
-0.288  0.24829851129295724
-0.288  0.3763243791386445
-0.276  0.2508165629875218
-0.276  0.24996152347115574
-0.276  0.3503759737396512
-0.276  0.25081656298751637
-0.276  0.24996152347115586
-0.276  0.35037597373958435
-0.276  0.25129693946173515
-0.276  0.2498022812776375
-0.276  0.3746100104323536
-0.276  0.25129693946175535
-0.276  0.24980228127765414
-0.276  0.37461001043240344
-0.264  0.25230701668332967
-0.264  0.2511515777326891
-0.264  0.34965228958121347
-0.264  0.25230701668332783
-0.264  0.25115157773268915
-0.264  0.3496522895811576
-0.264  0.25260364467804247
-0.264  0.25110510967635224
-0.264  0.3725530643480601
-0.264  0.2526036446780599
-0.264  0.25110510967637245
-0.264  0.3725530643480799
-0.252  0.2536661675866305
-0.252  0.2521225900634072
-0.252  0.348698485273984
-0.252  0.2536661675866108
-0.252  0.25212259006340754
-0.252  0.34869848527392816
-0.252  0.2537904798814799
-0.252  0.25218558213787984
-0.252  0.37030345339147186
-0.252  0.25379047988149656
-0.252  0.2521855821378854
-0.252  0.37030345339152154
-0.24  0.2548988514878215
-0.24  0.25290936047015783
-0.24  0.3477023161183264
-0.24  0.25489885148781605
-0.24  0.2529093604701579
-0.24  0.34770231611828867
-0.24  0.25487465380158597
-0.24  0.25306577688297566
-0.24  0.3680767235873665
-0.24  0.2548746538015918
-0.24  0.25306577688299214
-0.24  0.3680767235873838
-0.228  0.25602962144619934
-0.228  0.25357875029035426
-0.228  0.3468976622848762
-0.228  0.2560296214461828
-0.228  0.253578750290358
-0.228  0.3468976622848191
-0.228  0.25589049239947925
-0.228  0.2538036718712681
-0.228  0.3661124402765528
-0.228  0.25589049239949574
-0.228  0.25380367187128455
-0.228  0.36611244027657275
-0.216  0.25709455480706167
-0.216  0.2542158489223692
-0.216  0.3465211838245145
-0.216  0.25709455480704557
-0.216  0.2542158489223695
-0.216  0.3465211838244581
-0.216  0.2568781949637841
-0.216  0.25448099772443616
-0.216  0.3646315100040175
-0.216  0.2568781949638003
-0.216  0.25448099772444166
-0.216  0.3646315100040368
-0.204  0.25813235041016025
-0.204  0.25490827248857423
-0.204  0.34676871198437
-0.204  0.2581323504101549
-0.204  0.2549082724885745
-0.204  0.3467687119843039
-0.204  0.25787380005694527
-0.204  0.25518742412126405
-0.204  0.36379942180323876
-0.204  0.2578738000569473
-0.204  0.25518742412128137
-0.204  0.36379942180325814
-0.192  0.2591742013902863
-0.192  0.2557295591177753
-0.192  0.34775806256927644
-0.192  0.25917420139028097
-0.192  0.2557295591177755
-0.192  0.3477580625692131
-0.192  0.25890011313819
-0.192  0.2560022446385535
-0.192  0.36369927696147997
-0.192  0.2589001131381962
-0.192  0.2560022446385697
-0.192  0.3636992769615208
-0.18  0.2602323632756016
-0.18  0.2567239304015669
-0.18  0.34950473007608623
-0.18  0.2602323632755859
-0.18  0.25672393040156716
-0.18  0.3495047300760533
-0.18  0.2599579222821591
-0.18  0.25697674769694145
-0.18  0.364317910721933
-0.18  0.25995792228215997
-0.18  0.25697674769694684
-0.18  0.3643179107219519
-0.168  0.26129014943510986
-0.168  0.25789625392539267
-0.168  0.3519159685433585
-0.168  0.26129014943510487
-0.168  0.257896253925393
-0.168  0.3519159685433365
-0.168  0.26101928511808453
-0.168  0.25812207555178046
-0.168  0.36554774974410364
-0.168  0.2610192851180898
-0.168  0.2581220755517822
-0.168  0.36554774974411974
-0.156  0.26229888156376613
-0.156  0.2592112308933972
-0.156  0.354805494560034
-0.156  0.2622988815637507
-0.156  0.2592112308933973
-0.156  0.35480549455998217
-0.156  0.26202751113525236
-0.156  0.25940712183584813
-0.156  0.3672041915658384
-0.156  0.262027511135254
-0.156  0.2594071218358629
-0.156  0.36720419156585626
-0.144  0.26318654831729366
-0.144  0.2606035734920604
-0.144  0.3579255343236575
-0.144  0.2631865483172896
-0.144  0.2606035734920641
-0.144  0.35792553432363716
-0.144  0.26290782556282677
-0.144  0.2607683355428461
-0.144  0.3690539321903615
-0.144  0.26290782556283177
-0.144  0.2607683355428478
-0.144  0.3690539321903772
-0.132  0.26387740860802933
-0.132  0.2619963328736845
-0.132  0.3610075335162768
-0.132  0.26387740860802456
-0.132  0.2619963328736845
-0.132  0.3610075335162675
-0.132  0.26358733050236355
-0.132  0.2621285179173647
-0.132  0.3708466643880984
-0.132  0.26358733050236516
-0.132  0.2621285179173695
-0.132  0.370846664388136
-0.12  0.2643148374194573
-0.12  0.26332016229042665
-0.12  0.3638008656610988
-0.12  0.264314837419456
-0.12  0.2633201622904267
-0.12  0.3638008656610821
-0.12  0.26401632687502163
-0.12  0.26341722735898354
-0.12  0.3723434044551886
-0.12  0.2640163268750229
-0.12  0.26341722735898754
-0.12  0.37234340445522623
-0.108  0.26447702297336406
-0.108  0.26452609743190925
-0.108  0.36610161496531196
-0.108  0.2644770229733601
-0.108  0.2645260974319095
-0.108  0.3661016149652957
-0.108  0.26418109978711934
-0.108  0.2645850137409199
-0.108  0.3733386371629962
-0.108  0.2641810997871209
-0.108  0.2645850137409212
-0.108  0.3733386371630314
-0.096  0.26437952275687115
-0.096  0.26558949619037725
-0.096  0.36776880446726923
-0.096  0.2643795227568672
-0.096  0.26558949619037747
-0.096  0.36776880446725324
-0.096  0.2641033471658679
-0.096  0.2656085625261093
-0.096  0.37367685006771556
-0.096  0.2641033471658719
-0.096  0.2656085625261237
-0.096  0.3736768500677202
-0.084  0.2640669767429153
-0.084  0.26650900074707623
-0.084  0.3687298315986895
-0.084  0.2640669767429114
-0.084  0.26650900074707723
-0.084  0.3687298315986744
-0.084  0.2638297840650581
-0.084  0.2664900758605615
-0.084  0.3732644513610135
-0.084  0.2638297840650591
-0.084  0.26649007586057594
-0.084  0.3732644513610181
-0.072  0.26360176021940734
-0.072  0.267306036125053
-0.072  0.3689784998162556
-0.072  0.2636017602194034
-0.072  0.2673060361250539
-0.072  0.36897849981623987
-0.072  0.2634202838056176
-0.072  0.2672562079263247
-0.072  0.372076734047229
-0.072  0.26342028380561866
-0.072  0.2672562079263389
-0.072  0.3720767340472404
-0.06  0.26305598072369074
-0.06  0.26802601007643284
-0.06  0.36856800862443306
-0.06  0.26305598072368946
-0.06  0.26802601007643295
-0.06  0.368568008624418
-0.06  0.2629406950204219
-0.06  0.26795798118634884
-0.06  0.37015862080787876
-0.06  0.2629406950204229
-0.06  0.2679579811863501
-0.06  0.37015862080788264
-0.048  0.26250724879752674
-0.048  0.26873657218499086
-0.048  0.3675990077033166
-0.048  0.2625072487975257
-0.048  0.26873657218499175
-0.048  0.3675990077032796
-0.048  0.2624600925310954
-0.048  0.2686675915921191
-0.048  0.3676178115923652
-0.048  0.26246009253109903
-0.048  0.26866759159212317
-0.048  0.367617811592369
-0.036  0.2620341846889609
-0.036  0.26951726577160107
-0.036  0.3662019082906886
-0.036  0.26203418468896045
-0.036  0.2695172657716148
-0.036  0.3662019082906738
-0.036  0.2620479031776094
-0.036  0.2694669781901777
-0.036  0.3646095821617384
-0.036  0.26204790317760973
-0.036  0.26946697819018145
-0.036  0.36460958216177164
-0.024  0.2617085130933296
-0.024  0.2704405239773966
-0.024  0.3645151107858997
-0.024  0.2617085130933286
-0.024  0.27044052397739665
-0.024  0.36451511078589816
-0.024  0.2617675492793584
-0.024  0.2704284381258295
-0.024  0.36131460674102295
-0.024  0.2617675492793588
-0.024  0.27042843812583056
-0.024  0.3613146067410242
-0.012  0.26158503732379434
-0.012  0.2715515597090569
-0.012  0.362664978130478
-0.012  0.26158503732379396
-0.012  0.2715515597090706
-0.012  0.36266497813044224
-0.012  0.2616677724501988
-0.012  0.27159490908218825
-0.012  0.3579144169352367
-0.012  0.2616677724501991
-0.012  0.2715949090821919
-0.012  0.3579144169352397
0.  0.2616940707833712
0.  0.27285741135088554
0.  0.36075437972480456
0.  0.2616940707833708
0.  0.27285741135088576
0.  0.3607543797247998
0.  0.261775959445019
0.  0.2729700248973031
0.  0.3545706783351654
0.  0.26177595944501936
0.  0.2729700248973043
0.  0.35457067833516664
0.012  0.26204066658177877
0.012  0.27433084296547144
0.012  0.3588621397135651
0.012  0.2620406665817785
0.012  0.27433084296547156
0.012  0.3588621397135299
0.012  0.26209753544626574
0.012  0.2745232861426228
0.012  0.35141237464941594
0.012  0.26209753544626674
0.012  0.2745232861426231
0.012  0.3514123746494171
0.024  0.26261239771812284
0.024  0.27592685874058465
0.024  0.35704961689046255
0.024  0.26261239771812256
0.024  0.2759268587405849
0.024  0.35704961689044823
0.024  0.2626231579166216
0.024  0.2762076072716631
0.024  0.34853121916991375
0.024  0.26262315791662255
0.024  0.27620760727166344
0.024  0.3485312191699255
0.036  0.263394150376139
0.036  0.2776039217638859
0.036  0.35536849979415025
0.036  0.2633941503761386
0.036  0.2776039217638993
0.036  0.3553684997941386
0.036  0.2633424927563731
0.036  0.277980846386212
0.036  0.3459836805975737
0.036  0.2633424927563872
0.036  0.27798084638621295
0.036  0.34598368059757467
0.048  0.26438480285916627
0.048  0.279340919698918
0.048  0.35386618535263015
0.048  0.26438480285915233
0.048  0.2793409196989189
0.048  0.35386618535262626
0.048  0.26425988520148785
0.048  0.2798221236055735
0.048  0.34379808703632964
0.048  0.2642598852014914
0.048  0.2798221236055739
0.048  0.3437980870363334
0.06  0.2656077183164956
0.06  0.2811431983754656
0.06  0.35258739737630185
0.06  0.26560771831649527
0.06  0.2811431983754657
0.06  0.35258739737629013
0.06  0.265404133061945
0.06  0.28173645189889385
0.06  0.3419844064307131
0.06  0.26540413306194593
0.06  0.2817364518988942
0.06  0.34198440643072425
0.072  0.2671074218172844
0.072  0.2830348174465861
0.072  0.35157038980749594
0.072  0.26710742181728425
0.072  0.28303481744658693
0.072  0.35157038980748445
0.072  0.26682476044959164
0.072  0.28374545955035957
0.072  0.34054172771115837
0.072  0.26682476044959175
0.072  0.28374545955037284
0.072  0.3405417277111594
0.084  0.26893064176903764
0.084  0.28503919778261977
0.084  0.3508360149347939
0.084  0.2689306417690375
0.084  0.28503919778261977
0.084  0.3508360149347926
0.084  0.26857285567009087
0.084  0.28586711986388913
0.084  0.33945788120312465
0.084  0.2685728556700918
0.084  0.2858671198638894
0.084  0.33945788120312775
0.096  0.27109871483923675
0.096  0.28715593479639967
0.096  0.35037170621499014
0.096  0.2710987148392367
0.096  0.28715593479639995
0.096  0.3503717062149792
0.096  0.2706733534453714
0.096  0.2880927277154315
0.096  0.33870024134805793
0.096  0.2706733534453724
0.096  0.2880927277154348
0.096  0.338700241348061
0.108  0.27358420063751243
0.108  0.2893449698696367
0.108  0.35011802542039616
0.108  0.27358420063751243
0.108  0.2893449698696367
0.108  0.3501180254203852
0.108  0.27310153861488756
0.108  0.2903723203418828
0.108  0.3382037857153087
0.108  0.27310153861489106
0.108  0.29037232034188293
0.108  0.33820378571530896
0.12  0.27630310570791017
0.12  0.2915271732328197
0.12  0.3499668329050853
0.12  0.27630310570791017
0.12  0.2915271732328199
0.12  0.3499668329050817
0.12  0.2757751478857718
0.12  0.2926172425680488
0.12  0.33786556571185233
0.12  0.2757751478857726
0.12  0.29261724256804905
0.12  0.33786556571185533
0.132  0.2791267173117353
0.132  0.2936025996020283
0.132  0.34977502332624166
0.132  0.27912671731173516
0.132  0.2936025996020275
0.132  0.34977502332624066
0.132  0.27856610725838915
0.132  0.29472054558929534
0.132  0.33755134579493123
0.132  0.27856610725839004
0.132  0.29472054558929534
0.132  0.3375513457949315
0.144  0.28190894665509775
0.144  0.2954786656754635
0.144  0.3493904481770363
0.144  0.2819089466550977
0.144  0.29547866567546344
0.144  0.34939044817703596
0.144  0.2813278833969524
0.144  0.2965867755135587
0.144  0.33711401862022244
0.144  0.28132788339695275
0.144  0.2965867755135588
0.144  0.3371140186202334
0.156  0.284520294454848
0.156  0.29709592164650395
0.156  0.3486825538783544
0.156  0.284520294454848
0.156  0.29709592164650406
0.156  0.3486825538783534
0.156  0.28392956438443473
0.156  0.29815824847327926
0.156  0.33641923850583655
0.156  0.28392956438443556
0.156  0.2981582484732794
0.156  0.3364192385058368
0.168  0.2868782295265074
0.168  0.29844126576775487
0.168  0.3475701778784955
0.168  0.2868782295265074
0.168  0.2984412657677549
0.168  0.34757017787848454
0.168  0.2862863071980447
0.168  0.29942753423030793
0.168  0.3353722883913524
0.168  0.286286307198045
0.168  0.29942753423030805
0.168  0.3353722883913553
0.18  0.2889644856878992
0.18  0.2995450180139771
0.18  0.34604016544613747
0.18  0.2889644856878992
0.18  0.2995450180139769
0.18  0.34604016544612654
0.18  0.2883764791675373
0.18  0.30043297519143675
0.18  0.3339395749273857
0.18  0.28837647916753806
0.18  0.30043297519146017
0.18  0.33393957492738663
0.192  0.2908227867251909
0.192  0.3004648964844844
0.192  0.3441515779484959
0.192  0.2908227867251909
0.192  0.3004648964844844
0.192  0.3441515779484951
0.192  0.29023904547540724
0.192  0.3012409674784677
0.192  0.33215786217152443
0.192  0.2902390454754076
0.192  0.30124096747846874
0.192  0.33215786217152454
0.204  0.2925368500464887
0.204  0.3012638074181758
0.204  0.3420225270394819
0.204  0.2925368500464887
0.204  0.3012638074181758
0.204  0.34202252703947883
0.204  0.291951413115625
0.204  0.3019224796227043
0.204  0.33012622382232665
0.204  0.2919514131156252
0.204  0.30192247962270435
0.204  0.330126223822327
0.216  0.29419637698398554
0.216  0.301989005145088
0.216  0.3398012495105989
0.216  0.29419637698398554
0.216  0.301989005145088
0.216  0.339801249510598
0.216  0.29359593397930117
0.216  0.30253155645032187
0.216  0.32798082841386744
0.216  0.29359593397930206
0.216  0.302531556450322
0.216  0.32798082841386766
0.228  0.29586343038848206
0.228  0.3026582881431258
0.228  0.3376285695315154
0.228  0.29586343038848206
0.228  0.3026582881431258
0.228  0.3376285695315144
0.228  0.2952277295171399
0.228  0.3030912865505654
0.228  0.3258591695326969
0.228  0.29522772951714327
0.228  0.30309128655056544
0.228  0.3258591695327082
0.24  0.29755038877225326
0.24  0.30325559326293
0.24  0.3356024429110825
0.24  0.29755038877225326
0.24  0.30325559326293
0.24  0.3356024429110714
0.24  0.2968547542556776
0.24  0.30358924255040814
0.24  0.32386461201948896
0.24  0.2968547542556777
0.24  0.3035892425504085
0.24  0.323864612019489
0.252  0.2992154278922044
0.252  0.30373511869986536
0.252  0.33375485096866037
0.252  0.2992154278922052
0.252  0.30373511869986614
0.252  0.33375485096865737
0.252  0.2984352421336893
0.252  0.3039812972367723
0.252  0.32204182419789523
0.252  0.29843524213369016
0.252  0.3039812972367726
0.252  0.3220418241978955
0.264  0.3007754395039731
0.264  0.3040310846872042
0.264  0.33204690108430557
0.264  0.30077543950397306
0.264  0.30403108468720497
0.264  0.33204690108430535
0.264  0.2998914549274957
0.264  0.30420101612094075
0.264  0.32036909448524037
0.264  0.299891454927496
0.264  0.304201016120965
0.264  0.3203690944852404
0.276  0.3021305470827573
0.276  0.3040694902695107
0.276  0.33038116411068
0.276  0.302130547082758
0.276  0.3040694902695107
0.276  0.33038116411067914
0.276  0.3011332861302244
0.276  0.3041713629742262
0.276  0.31876689652763
0.276  0.30113328613022755
0.276  0.30417136297422953
0.276  0.31876689652763013
0.288  0.30318962746019756
0.288  0.3037783994151965
0.288  0.32862403744614055
0.288  0.3031896274601977
0.288  0.3037783994151965
0.288  0.3286240374461375
0.288  0.3020813818783937
0.288  0.3038156240767383
0.288  0.31711650765862376
0.288  0.30208138187840616
0.288  0.3038156240767415
0.288  0.3171165076586269
0.3  0.30388558566815627
0.3  0.30309468310537147
0.3  0.32662900464870526
0.3  0.3038855856681594
0.3  0.3030946831053716
0.3  0.32662900464870426
0.3  0.30267961108815145
0.3  0.30306546723712124
0.3  0.315280969174669
0.3  0.30267961108816366
0.3  0.3030654672371216
0.3  0.31528096917467197
0.312  0.3041752600024866
0.312  0.3019678945218284
0.312  0.32425549649825713
0.312  0.3041752600024869
0.312  0.3019678945218284
0.312  0.3242554964982568
0.312  0.302893002392347
0.312  0.3018663218474777
0.312  0.31312385575834045
0.312  0.3028930023923473
0.312  0.301866321847478
0.312  0.31312385575834123
0.324  0.30402882796780034
0.324  0.3003644722694059
0.324  0.3213841874121533
0.324  0.30402882796780045
0.324  0.30036447226940594
0.324  0.3213841874121524
0.324  0.30269655895941344
0.324  0.3001826616860041
0.324  0.31052610398416286
0.324  0.30269655895941366
0.324  0.30018266168600494
0.324  0.31052610398416286
0.336  0.30341991163157017
0.336  0.29827529286044296
0.336  0.3179322455745993
0.336  0.30341991163157106
0.336  0.29827529286044296
0.336  0.3179322455745984
0.336  0.30206572362348805
0.336  0.2980059446595597
0.336  0.3074029901088412
0.336  0.3020657236234884
0.336  0.29800594465956004
0.336  0.30740299010884126
0.348  0.302325500267928
0.348  0.2957262026169034
0.348  0.3138690595281379
0.348  0.3023255002679291
0.348  0.2957262026169034
0.348  0.313869059528137
0.348  0.30097677785269905
0.348  0.2953649933881704
0.348  0.3037206469414821
0.348  0.3009767778526993
0.348  0.2953649933881713
0.348  0.3037206469414823
0.36  0.30073688854403613
0.36  0.2927870631320039
0.36  0.30922763442165246
0.36  0.30073688854403613
0.36  0.2927870631320047
0.36  0.3092276344216524
0.36  0.2994179252804459
0.36  0.29233458720827443
0.36  0.2995071320647792
0.36  0.2994179252804462
0.36  0.2923345872082747
0.36  0.2995071320647792
0.372  0.29867559846353753
0.372  0.28957360297411916
0.372  0.30410464898652273
0.372  0.2986755984635376
0.372  0.2895736029741192
0.372  0.3041046489865219
0.372  0.29740525070486157
0.372  0.2890365873048867
0.372  0.29485160996762333
0.372  0.2974052507048624
0.372  0.2890365873048869
0.372  0.29485160996762344
0.384  0.29620577808275217
0.384  0.28623914849340226
0.384  0.2986458942787194
0.384  0.2962057780827647
0.384  0.28623914849340315
0.384  0.29864589427871846
0.384  0.2949955677890659
0.384  0.2856305823110427
0.384  0.289889123010449
0.384  0.29499556778906916
0.384  0.28563058231104305
0.384  0.289889123010449
0.396  0.29343617565589786
0.396  0.2829573951523051
0.396  0.2930213093602665
0.396  0.29343617565590113
0.396  0.2829573951523052
0.396  0.2930213093602662
0.396  0.2922895220528781
0.396  0.2822953231894285
0.396  0.2847757136580137
0.396  0.2922895220528784
0.396  0.2822953231894294
0.396  0.2847757136580139
0.408  0.290508328270533
0.408  0.2798993690238652
0.408  0.2873994716675074
0.408  0.2905083282705333
0.408  0.2798993690238653
0.408  0.2873994716675071
0.408  0.28942139044562876
0.408  0.2792044960638357
0.408  0.2796639737057902
0.408  0.28942139044562903
0.408  0.2792044960638367
0.408  0.2796639737057903
0.42  0.28757247875613395
0.42  0.2772078151357738
0.42  0.2819307633820657
0.42  0.2875724787561348
0.42  0.2772078151357739
0.42  0.2819307633820654
0.42  0.2865366104475735
0.42  0.2765005064510173
0.42  0.27468808878277484
0.42  0.2865366104475738
0.42  0.2765005064510308
0.42  0.2746880887827936
0.432  0.2847581393173998
0.432  0.2749730343923003
0.432  0.27674211694463424
0.432  0.28475813931740007
0.432  0.27497303439230053
0.432  0.2767421169446208
0.432  0.28376345066798586
0.432  0.27427047814788724
0.432  0.2699607649082364
0.432  0.28376345066799896
0.432  0.2742704781478881
0.432  0.2699607649082364
0.444  0.2821491695488175
0.444  0.27321584448978325
0.444  0.2719391656591519
0.444  0.28214916954882086
0.444  0.27321584448978414
0.444  0.2719391656591518
0.444  0.28118826052725976
0.444  0.27253006801720253
0.444  0.2655771695535371
0.444  0.28118826052726004
0.444  0.27253006801720286
0.444  0.2655771695535371
0.456  0.279771324218108
0.456  0.27188306148673663
0.456  0.26760873476214125
0.456  0.2797713242181089
0.456  0.27188306148673685
0.456  0.26760873476214025
0.456  0.27884197786569337
0.456  0.27122033253819205
0.456  0.26161829056871333
0.456  0.2788419778656934
0.456  0.2712203325381923
0.456  0.2616182905687169
0.468  0.2775948552809608
0.468  0.27085717552011784
0.468  0.26381703980039306
0.468  0.2775948552809611
0.468  0.2708571755201179
0.468  0.2638170398003921
0.468  0.27670058841523754
0.468  0.2702190709817752
0.468  0.25814896139495136
0.468  0.27670058841523754
0.468  0.270219070981789
0.468  0.25814896139495136
0.48  0.27554969178761923
0.48  0.2699769947747768
0.48  0.2606037879235165
0.48  0.27554969178761923
0.48  0.2699769947747769
0.48  0.26060378792351624
0.48  0.27469774925226703
0.48  0.26936294691926355
0.48  0.2552110348735046
0.48  0.27469774925226703
0.48  0.2693629469192638
0.48  0.2552110348735056
0.492  0.27354824207135425
0.492  0.2690636036138012
0.492  0.25797563040976373
0.492  0.27354824207135436
0.492  0.26906360361380127
0.492  0.2579756304097634
0.492  0.2727456804597637
0.492  0.26847411310658353
0.492  0.25281563281679964
0.492  0.2727456804597629
0.492  0.2684741131065838
0.492  0.25281563281679975
0.504  0.27151008580801383
0.504  0.26794694479372133
0.504  0.25590215238442626
0.504  0.27151008580801395
0.504  0.2679469447937222
0.504  0.255902152384426
0.504  0.2707594642901693
0.504  0.2673862244711267
0.504  0.25093808389944805
0.504  0.27075946429016934
0.504  0.2673862244711409
0.504  0.25093808389944816
0.516  0.26938198446038103
0.516  0.26649007897312704
0.516  0.2543148012560527
0.516  0.26938198446038114
0.516  0.26649007897312793
0.516  0.25431480125605255
0.516  0.26867839758597994
0.516  0.26596696245572365
0.516  0.24951617920611044
0.516  0.26867839758597994
0.516  0.26596696245572465
0.516  0.24951617920611044
0.528  0.26714658314558865
0.528  0.2646082354074212
0.528  0.2531067952584047
0.528  0.2671465831455895
0.528  0.2646082354074212
0.528  0.25310679525840457
0.528  0.2664772503988034
0.528  0.2641347843062281
0.528  0.2484497910198268
0.528  0.2664772503988033
0.528  0.26413478430622844
0.528  0.2484497910198278
0.54  0.2648166578855206
0.54  0.2622790396093696
0.54  0.2521328122199502
0.54  0.26481665788552083
0.54  0.2622790396093696
0.54  0.2521328122199501
0.54  0.2641632759848317
0.54  0.2618672028604198
0.54  0.2476004823532883
0.54  0.2641632759848456
0.54  0.26186720286041987
0.54  0.24760048235328858
0.552  0.2624185627094368
0.552  0.2595412871215394
0.552  0.2512109434344679
0.552  0.26241856270944036
0.552  0.2595412871215394
0.552  0.25121094343446704
0.552  0.26176156430454306
0.552  0.25919882017412355
0.552  0.24679332909570548
0.552  0.26176156430454317
0.552  0.2591988201741239
0.552  0.24679332909570556
0.564  0.25997396759566654
0.564  0.25648281159458813
0.564  0.25013238160108514
0.564  0.25997396759566743
0.564  0.25648281159458824
0.564  0.25013238160108514
0.564  0.2592971835276282
0.564  0.25621001229129076
0.564  0.24582621179655068
0.564  0.2592971835276282
0.564  0.256210012291291
0.564  0.24582621179655098
0.576  0.25748880917751615
0.576  0.25322141462908243
0.576  0.2486828083386263
0.576  0.25748880917751615
0.576  0.25322141462908265
0.576  0.24868280833862622
0.576  0.2567830737334255
0.576  0.2530098499636637
0.576  0.24449053830339462
0.576  0.25678307373341047
0.576  0.2530098499636641
0.576  0.24449053830339837
0.588  0.2549533251327747
0.588  0.24988438181507322
0.588  0.24667363130090483
0.588  0.2549533251327747
0.588  0.24988438181507322
0.588  0.24667363130090458
0.588  0.25421818349645714
0.588  0.2497178726065598
0.588  0.24260178367213714
0.588  0.25421818349645714
0.588  0.24971787260656014
0.588  0.24260178367213714
0.6  0.2523512800281406
0.6  0.24659127733177846
0.6  0.24397520593015184
0.6  0.2523512800281406
0.6  0.24659127733177857
0.6  0.24397520593015184
0.6  0.25159472699121455
0.6  0.2464485242723396
0.6  0.24003229410626037
0.6  0.2515947269912136
0.6  0.24644852427233965
0.6  0.24003229410626048
0.612  0.24967301256999386
0.612  0.24344236912219394
0.612  0.24054186977034986
0.612  0.24967301256999758
0.612  0.24344236912219394
0.612  0.24054186977034986
0.612  0.24890968804515928
0.612  0.24330024026118105
0.612  0.2367363404173027
0.612  0.2489096880451583
0.612  0.24330024026119634
0.612  0.2367363404173027
0.624  0.2469258884852933
0.624  0.24051242014365765
0.624  0.23642071730765718
0.624  0.24692588848529337
0.624  0.24051242014365765
0.624  0.23642071730765715
0.624  0.24617427133091385
0.624  0.2403491434405813
0.624  0.23275927082938247
0.624  0.24617427133091385
0.624  0.24034914344058164
0.624  0.23275927082938347
0.636  0.24413670221427167
0.636  0.2378477998510724
0.636  0.23174086597120908
0.636  0.2441367022142726
0.636  0.23784779985107243
0.636  0.23174086597120902
0.636  0.24341579945537578
0.636  0.23764573795460553
0.636  0.22822731104677535
0.636  0.24341579945537567
0.636  0.23764573795460583
0.636  0.22822731104677543
0.648  0.24134410972091602
0.648  0.23546487140282282
0.648  0.2266855236037216
0.648  0.24134410972091602
0.648  0.23546487140282282
0.648  0.2266855236037216
0.648  0.2406701768064886
0.648  0.2352127658926244
0.648  0.22332015416182172
0.648  0.24067017680648867
0.648  0.2352127658926247
0.648  0.223320154161822
0.66  0.23858487673776668
0.66  0.23334950603590157
0.66  0.22145406659344954
0.66  0.2385848767377667
0.66  0.23334950603590157
0.66  0.22145406659344954
0.66  0.2379688106974399
0.66  0.2330439791818895
0.66  0.21823348260316724
0.66  0.23796881069744377
0.66  0.2330439791818895
0.66  0.2182334826031675
0.672  0.23588219772861832
0.672  0.2314598397511076
0.672  0.21622445792568493
0.672  0.23588219772861832
0.672  0.2314598397511076
0.672  0.21622445792568493
0.672  0.23532819664405774
0.672  0.23110580416189738
0.672  0.213141746442105
0.672  0.23532819664405769
0.672  0.2311058041618974
0.672  0.21314174644210615
0.684  0.2332435131413447
0.684  0.22973457631629263
0.684  0.2111263750393574
0.684  0.23324351314134467
0.684  0.22973457631629265
0.684  0.21112637503935708
0.684  0.23274925985992775
0.684  0.22934430332025205
0.684  0.20817156106447296
0.684  0.23274925985992675
0.684  0.22934430332025216
0.684  0.20817156106447302
0.696  0.2306689187415791
0.696  0.2281062634320678
0.696  0.20623160234163312
0.696  0.23066891874157908
0.696  0.22810626343206789
0.696  0.20623160234163312
0.696  0.2302270663113302
0.696  0.2276971910908721
0.696  0.20339224969768313
0.696  0.2302270663113302
0.696  0.2276971910908721
0.696  0.2033922496976834
0.708  0.22816406111208704
0.708  0.2265150855793586
0.708  0.20156173871840333
0.708  0.22816406111208704
0.708  0.2265150855793587
0.708  0.20156173871840327
0.708  0.22776445828044808
0.708  0.22610677775351404
0.708  0.19882356113245994
0.708  0.2277644582804482
0.708  0.2261067777535143
0.708  0.19882356113245997
0.72  0.22574872648477878
0.72  0.22491742000853754
0.72  0.19710710471806864
0.72  0.22574872648477878
0.72  0.22491742000853765
0.72  0.19710710471806858
0.72  0.2253807672810963
0.72  0.2245282511025023
0.72  0.19445448192212808
0.72  0.2253807672810963
0.72  0.22452825110250238
0.72  0.194454481922128
0.732  0.22345561091964727
0.732  0.2232862713904945
0.732  0.19284782001859127
0.732  0.22345561091964736
0.732  0.2232862713904945
0.732  0.1928478200185912
0.732  0.2231102193294668
0.732  0.2229304319849146
0.732  0.1902642114799645
0.732  0.2231102193294668
0.732  0.2229304319849146
0.732  0.1902642114799645
0.744  0.22131999399496272
0.744  0.2216055819681891
0.744  0.1887692250342993
0.744  0.22131999399496272
0.744  0.22160558196818936
0.744  0.18876922503429805
0.744  0.220990907510458
0.744  0.22129094618224565
0.744  0.18623758409891406
0.744  0.220990907510458
0.744  0.22129094618224565
0.744  0.18623758409891406
0.756  0.21936592185637618
0.756  0.21986351342499894
0.756  0.18486774417198584
0.756  0.21936592185637618
0.756  0.21986351342499902
0.756  0.18486774417198584
0.756  0.2190501056810393
0.756  0.2195907442830174
0.756  0.1823710797017051
0.756  0.2190501056810393
0.756  0.2195907442830177
0.756  0.18237107970170513
0.768  0.21759560968092315
0.768  0.21804923168341184
0.768  0.1811476774852123
0.768  0.21759560968092315
0.768  0.21804923168341292
0.768  0.18114767748521193
0.768  0.2172928650535176
0.768  0.21781219509582092
0.768  0.1786698525588039
0.768  0.2172928650535176
0.768  0.21781219509582092
0.768  0.17866985255880394
0.78  0.21598642028291276
0.78  0.21615475970716008
0.78  0.17761259887600606
0.78  0.21598642028291298
0.78  0.21615475970716438
0.78  0.177612598876006
0.78  0.21569847538159265
0.78  0.21594199362565217
0.78  0.1751393367352468
0.78  0.21569847538159265
0.78  0.21594199362565222
0.78  0.17513933673524676
0.792  0.2144959960222944
0.792  0.21418052550170397
0.792  0.17425628233216073
0.792  0.21449599602229438
0.792  0.21418052550170422
0.792  0.17425628233216073
0.792  0.214225445299269
0.792  0.21397734599770313
0.792  0.1717762396916071
0.792  0.21422544529926907
0.792  0.21397734599770304
0.792  0.17177623969160172
0.804  0.21307297145503593
0.804  0.21214152011901832
0.804  0.1710572958996499
0.804  0.21307297145503593
0.804  0.21214152011901832
0.804  0.1710572958996499
0.804  0.21282232508986876
0.804  0.21193237292699563
0.804  0.16856300420156045
0.804  0.21282232508986876
0.804  0.21193237292699563
0.804  0.16856300420156184
0.816  0.2116691900174118
0.816  0.21007050563073698
0.816  0.16797920219895632
0.816  0.21166919001741152
0.816  0.21007050563073698
0.816  0.16797920219895632
0.816  0.21144011213772698
0.816  0.2098412742309823
0.816  0.1654676737952522
0.816  0.21144011213772698
0.816  0.2098412742309824
0.816  0.16546767379525226
0.828  0.2102494619527028
0.828  0.2080156131394415
0.828  0.16497586664009598
0.828  0.2102494619527028
0.828  0.20801561313944153
0.828  0.16497586664009595
0.828  0.21004213549459985
0.828  0.20775567338280979
0.828  0.16244871151713777
0.828  0.21004213549459985
0.828  0.20775567338280979
0.828  0.16244871151713777
0.84  0.20879596679969725
0.84  0.2060318721340544
0.84  0.16199977591450818
0.84  0.2087959667996972
0.84  0.20603187213405444
0.84  0.16199977591450818
0.84  0.20860847552629633
0.84  0.20573574464280847
0.84  0.15946276641481516
0.84  0.20860847552629633
0.84  0.2057357446428085
0.84  0.15946276641481527
0.852  0.20730571671815476
0.852  0.20416851145215809
0.852  0.159010790234438
0.852  0.20730571671815476
0.852  0.2041685114521581
0.852  0.159010790234438
0.852  0.20713337655345299
0.852  0.20383703642688822
0.852  0.1564729216411148
0.852  0.20713337655345299
0.852  0.20383703642688855
0.852  0.1564729216411148
0.864  0.20578115231779517
0.864  0.20245509621999583
0.864  0.15598297191602536
0.864  0.20578115231779517
0.864  0.20245509621999613
0.864  0.15598297191602534
0.864  0.20561585119005898
0.864  0.20209608723650885
0.864  0.15345516734977385
0.864  0.20561585119005898
0.864  0.2020960872365089
0.864  0.15345516734977388
0.876  0.20421658669750692
0.876  0.2008900115497564
0.876  0.15290765630861008
0.876  0.20421658669750692
0.876  0.2008900115497564
0.876  0.1529076563086102
0.876  0.204046399295525
0.876  0.20051824548864372
0.876  0.15040134071102002
0.876  0.20404639929552493
0.876  0.20051824548864372
0.876  0.15040134071102615
0.888  0.20258626363794932
0.888  0.19943509092253092
0.888  0.1497918782649606
0.888  0.2025862636379493
0.888  0.199435090922531
0.888  0.14979187826496057
0.888  0.20239580459924633
0.888  0.19907130648000515
0.888  0.14731768470049547
0.888  0.20239580459922832
0.888  0.19907130648000523
0.888  0.1473176847004955
0.9  0.20084079505688401
0.9  0.19801952504947537
0.9  0.14665287277876443
0.9  0.20084079505688376
0.9  0.19801952504947548
0.9  0.14665287277876443
0.9  0.20061275751321236
0.9  0.19768807099598015
0.9  0.14421971485174306
0.9  0.20061275751321236
0.9  0.19768807099598015
0.9  0.14421971485174306
0.912  0.19891564163192058
0.912  0.1965533408648212
0.912  0.14351113679328933
0.912  0.19891564163192052
0.912  0.1965533408648211
0.912  0.14351113679328772
0.912  0.19863358181301222
0.912  0.19627845948050548
0.912  0.14112576576506247
0.912  0.1986335818130119
0.912  0.19627845948050554
0.912  0.14112576576506247
0.924  0.19674922180080703
0.924  0.19494650849147718
0.924  0.140385279921025
0.924  0.19674922180080692
0.924  0.19494650849147718
0.924  0.14038527992102492
0.924  0.1964010119882956
0.924  0.19474788067008392
0.924  0.1380522809964827
0.924  0.1964010119882953
0.924  0.19474788067008394
0.924  0.13805228099648273
0.936  0.19430319097050033
0.936  0.193127141624935
0.936  0.13729089829808844
0.936  0.1943031909705003
0.936  0.19312714162493527
0.936  0.13729089829808844
0.936  0.19388405283317636
0.936  0.19301586940344223
0.936  0.13501294657346335
0.936  0.1938840528331763
0.936  0.19301586940344231
0.936  0.13501294657346383
0.948  0.1915768297874091
0.948  0.1910535055677322
0.948  0.1342434890273796
0.948  0.1915768297874088
0.948  0.19105350556773226
0.948  0.1342434890273796
0.948  0.1910908184004356
0.948  0.19102979021551217
0.948  0.13202164698170854
0.948  0.1910908184004356
0.948  0.1910297902155122
0.948  0.13202164698170854
0.96  0.18861102508311978
0.96  0.188718342881775
0.96  0.13126310599305369
0.96  0.18861102508311978
0.96  0.188718342881775
0.96  0.13126310599305369
0.96  0.1880703025616758
0.96  0.18877166135161216
0.96  0.12909701580494226
0.96  0.1880703025616757
0.96  0.18877166135161216
0.96  0.12909701580494226
0.972  0.18548177507371108
0.972  0.18614695139889773
0.972  0.12837705602193253
0.972  0.18548177507370608
0.972  0.18614695139889773
0.972  0.12837705602193206
0.972  0.18490377272246633
0.972  0.1862587490176747
0.972  0.12626502237637252
0.972  0.18490377272246633
0.972  0.18625874901767475
0.972  0.12626502237637252
0.984  0.18228576727792575
0.984  0.18339070218917872
0.984  0.12561730876663635
0.984  0.18228576727792564
0.984  0.18339070218917872
0.984  0.12561730876663635
0.984  0.18168906740854698
0.984  0.18353882160622226
0.984  0.12355640187666378
0.984  0.18168906740854698
0.984  0.18353882160622226
0.984  0.12355640187666378
0.996  0.17912125432823625
0.996  0.18051655100433037
0.996  0.1230118392870367
0.996  0.17912125432823625
0.996  0.18051655100433034
0.996  0.12301183928703656
0.996  0.17852141352814344
0.996  0.18068012293309174
0.996  0.12099818892381849
0.996  0.17852141352814335
0.996  0.1806801229330914
0.996  0.12099818892381897
1.008  0.17606776933996487
1.008  0.17759303798182308
1.008  0.12057292547289841
1.008  0.17606776933996487
1.008  0.17759303798182308
1.008  0.12057292547289793
1.008  0.17547418480347896
1.008  0.17775655936834373
1.008  0.11860228992686883
1.008  0.17547418480347896
1.008  0.1777565593683438
1.008  0.11860228992686882
1.02  0.17316916560367565
1.02  0.17467526165211106
1.02  0.11828825512196471
1.02  0.17316916560367565
1.02  0.17467526165211117
1.02  0.11828825512196471
1.02  0.17258357204413283
1.02  0.1748310162207968
1.02  0.11635678205782496
1.02  0.17258357204413283
1.02  0.17483101622079716
1.02  0.11635678205782497
1.032  0.17042509300531763
1.032  0.17179368929821476
1.032  0.11612042526663661
1.032  0.17042509300531763
1.032  0.1717936892982148
1.032  0.11612042526663661
1.032  0.16984169103092125
1.032  0.1719422615547892
1.032  0.1142253779020587
1.032  0.1698416910309209
1.032  0.1719422615547892
1.032  0.11422537790205872
1.044  0.16779425714858323
1.044  0.1689513498620471
1.044  0.11401657265060744
1.044  0.16779425714858331
1.044  0.1689513498620471
1.044  0.1140165726506073
1.044  0.16720107770121295
1.044  0.16910050254044157
1.044  0.11215676553153901
1.044  0.16720107770121295
1.044  0.1691005025404416
1.044  0.11215676553154107
1.056  0.16520800375150613
1.056  0.16612969511046644
1.056  0.11192425131521513
1.056  0.16520800375150613
1.056  0.16612969511046652
1.056  0.11192425131521508
1.056  0.16458897836260733
1.056  0.16629219822668243
1.056  0.11010004761705573
1.056  0.16458897836260733
1.056  0.16629219822668243
1.056  0.11010004761705587
1.068  0.16258764903151876
1.068  0.16329810180023754
1.068  0.10980570087936437
1.068  0.16258764903151876
1.068  0.16329810180023754
1.068  0.10980570087936435
1.068  0.16192494254813097
1.068  0.16348915778652023
1.068  0.10801860989769453
1.068  0.16192494254813097
1.068  0.16348915778652034
1.068  0.10801860989769457
1.08  0.15985791475187464
1.08  0.16042049553830628
1.08  0.10764335385838845
1.08  0.15985791475187464
1.08  0.16042049553830628
1.08  0.10764335385838845
1.08  0.15913430928901995
1.08  0.16065519519799448
1.08  0.10589542921746029
1.08  0.15913430928901995
1.08  0.16065519519799415
1.08  0.10589542921746029
1.092  0.15695324892185336
1.092  0.1574564999134991
1.092  0.10543474505928842
1.092  0.15695324892185333
1.092  0.1574564999134991
1.092  0.10543474505928623
1.092  0.1561545992407221
1.092  0.15774741310361212
1.092  0.10372803512792349
1.092  0.15615459924072211
1.092  0.15774741310361212
1.092  0.10372803512792349
1.104  0.15381994739927266
1.104  0.15436011397546623
1.104  0.10318118587457092
1.104  0.15381994739927266
1.104  0.15436011397546626
1.104  0.10318118587457077
1.104  0.15293776938970388
1.104  0.15471493058955035
1.104  0.10151741563240681
1.104  0.15293776938970388
1.104  0.15471493058955035
1.104  0.10151741563240678
1.116  0.1504194421941894
1.116  0.15108116792236978
1.116  0.10087735306410366
1.116  0.15041944219418932
1.116  0.15108116792236978
1.116  0.10087735306410352
1.116  0.14945347393675237
1.116  0.15150041863178046
1.116  0.09925788316391253
1.116  0.14945347393675237
1.116  0.15150041863178046
1.116  0.0992578831639131
1.128  0.1467353296658396
1.128  0.14757248250738642
1.128  0.09850717645555986
1.128  0.1467353296658396
1.128  0.14757248250738642
1.128  0.0985071764555597
1.128  0.14569556305439202
1.128  0.148047682226348
1.128  0.09693316945954224
1.128  0.14569556305439202
1.128  0.148047682226348
1.128  0.09693316945954224
1.14  0.1427818849093922
1.14  0.14380156006826963
1.14  0.09604737988967754
1.14  0.1427818849093922
1.14  0.14380156006827002
1.14  0.09604737988967751
1.14  0.14168936295677154
1.14  0.14431436578265364
1.14  0.0945200441336498
1.14  0.1416893629567716
1.14  0.14431436578265364
1.14  0.09452004413364982
1.152  0.13860908379192038
1.152  0.13976284123347896
1.152  0.0934765534919246
1.152  0.13860908379191997
1.152  0.13976284123347896
1.152  0.0934765534919246
1.152  0.1374948718578291
1.152  0.14028579135605232
1.152  0.09199732644723552
1.152  0.1374948718578291
1.152  0.14028579135605232
1.152  0.09199732644723549
1.164  0.13430005493629082
1.164  0.13548595103372713
1.164  0.09078583690135833
1.164  0.13430005493629082
1.164  0.13548595103372713
1.164  0.09078583690135818
1.164  0.1332022275074372
1.164  0.13598501154258746
1.164  0.08935639932864435
1.164  0.1332022275074371
1.164  0.13598501154258746
1.164  0.08935639932864436
1.176  0.1299601367862465
1.176  0.13103639581440846
1.176  0.0879870066548754
1.176  0.1299601367862465
1.176  0.13103639581440846
1.176  0.08798700665487537
1.176  0.128919227697411
1.176  0.13147498837586363
1.176  0.08660908281072552
1.176  0.12891922769741096
1.176  0.13147498837586363
1.176  0.08660908281072552
1.188  0.12570014224206688
1.188  0.12650743085330143
1.188  0.08511482561013209
1.188  0.12570014224206688
1.188  0.12650743085330143
1.188  0.08511482561013202
1.188  0.12475403491094796
1.188  0.12685109299446115
1.188  0.0837898100884903
1.188  0.12475403491094796
1.188  0.12685109299446115
1.188  0.08378981008849098
1.2  0.12161850332984026
1.2  0.12200490860621799
1.2  0.08222279779451944
1.2  0.12161850332984026
1.2  0.12200490860621799
1.2  0.08222279779451938
1.2  0.1207979269398605
1.2  0.12222550955256516
1.2  0.08095132137921654
1.2  0.12079792693986052
1.2  0.12222550955256516
1.2  0.08095132137921654
1.212  0.11778710697269994
1.212  0.11762964965337251
1.212  0.07937407175447596
1.212  0.11778710697269994
1.212  0.11762964965337248
1.212  0.07937407175447593
1.212  0.11711264258120532
1.212  0.11770829469942412
1.212  0.07815564446201567
1.212  0.11711264258120532
1.212  0.1177082946994241
1.212  0.07815564446201567
1.224  0.11424396734687003
1.224  0.11346260891704368
1.224  0.07663068549850559
1.224  0.11424396734687003
1.224  0.11346260891704374
1.224  0.07663068549850557
1.224  0.11372489385763615
1.224  0.11339088969174427
1.224  0.07546353227249616
1.224  0.11372489385763615
1.224  0.11339088969174427
1.224  0.07546353227249616
1.236  0.11099315911817198
1.236  0.1095562699659582
1.236  0.07404400907852768
1.236  0.110993159118172
1.236  0.1095562699659582
1.236  0.07404400907852765
1.236  0.11062788673881571
1.236  0.10933606395824941
1.236  0.07292516132155472
1.236  0.11062788673881571
1.236  0.1093360639582489
1.236  0.07292516132155472
1.248  0.10800995914615008
1.248  0.10593261551450366
1.248  0.0716479352463493
1.248  0.1080099591461501
1.248  0.10593261551450366
1.248  0.07164793524634923
1.248  0.1077874792648911
1.248  0.1055749388771544
1.248  0.07057357373257456
1.248  0.10778747926489121
1.248  0.1055749388771544
1.248  0.07057357373257456
1.26  0.10524821833675654
1.26  0.10258583660552348
1.26  0.06945531693486355
1.26  0.10524821833675654
1.26  0.10258583660552348
1.26  0.06945531693486348
1.26  0.10515004544246115
1.26  0.10210920677883477
1.26  0.06842128689648955
1.26  0.10515004544246129
1.26  0.10210920677883477
1.26  0.06842128689648955
1.272  0.10264801212864555
1.272  0.09948771706955595
1.272  0.06745774155849846
1.272  0.10264801212864555
1.272  0.09948771706955595
1.272  0.0674577415584984
1.272  0.10265040354251857
1.272  0.0989161810126421
1.272  0.06646010043111723
1.272  0.10265040354251859
1.272  0.09891618101264212
1.272  0.06646010043111811
1.284  0.10014351402320366
1.284  0.09659456245349897
1.284  0.06562853438001469
1.284  0.10014351402320366
1.284  0.09659456245349893
1.284  0.06562853438001467
1.284  0.10022005849324578
1.284  0.09595525422050265
1.284  0.06466398079845824
1.284  0.10022005849324636
1.284  0.09595525422050269
1.284  0.06466398079845824
1.296  0.09767183077918538
1.296  0.09385505609596576
1.296  0.06392844339399623
1.296  0.09767183077918543
1.296  0.09385505609596573
1.296  0.06392844339399623
1.296  0.0977964971589722
1.296  0.09317516608913283
1.296  0.06299452970086411
1.296  0.0977964971589722
1.296  0.09317516608913287
1.296  0.06299452970086321
1.308  0.09518222168336919
1.308  0.09121796903139327
1.308  0.062312827833058894
1.308  0.0951822216833692
1.308  0.09121796903139327
1.308  0.06231282783305889
1.308  0.09533256445167101
1.308  0.09052143234766545
1.308  0.06140795345784813
1.308  0.09533256445167101
1.308  0.09052143234766562
1.308  0.06140795345784813
1.32  0.09264303553143878
1.32  0.0886382074739785
1.32  0.06073881596321456
1.32  0.09264303553143878
1.32  0.08863820747397852
1.32  0.06073881596321454
1.32  0.09280275284512106
1.32  0.0879429589269042
1.32  0.05986207938394875
1.32  0.09280275284512106
1.32  0.0879429589269042
1.32  0.05986207938394875
1.332  0.09004337207626027
1.332  0.08608032455386644
1.332  0.05917117095185301
1.332  0.09004337207626027
1.332  0.08608032455386644
1.332  0.05917117095185276
1.332  0.09020329287094597
1.332  0.08539711458369943
1.332  0.05832217627470557
1.332  0.090203292870946
1.332  0.08539711458369943
1.332  0.05832217627470557
1.344  0.08738875339676236
1.344  0.08351991855915862
1.344  0.05758625950000515
1.344  0.08738875339676236
1.344  0.08351991855915862
1.344  0.05758625950000507
1.344  0.08754582084872682
1.344  0.08285318847548744
1.344  0.0567649325458154
1.344  0.08754582084872682
1.344  0.08285318847548745
1.344  0.0567649325458154
1.356  0.08469303146633687
1.356  0.0809437938034767
1.356  0.05597387650184397
1.356  0.08469303146633687
1.356  0.0809437938034767
1.356  0.05597387650184389
1.356  0.08484766662701168
1.356  0.08029425755863867
1.356  0.055180295510375524
1.356  0.08484766662701168
1.356  0.08029425755863867
1.356  0.05518029551037554
1.368  0.08196992263479545
1.368  0.07834890123860307
1.368  0.05433651686911197
1.368  0.08196992263479545
1.368  0.07834890123860307
1.368  0.05433651686911171
1.368  0.08212277508798095
1.368  0.0777168188114555
1.368  0.053570752062865205
1.368  0.082122775087981
1.368  0.0777168188114555
1.368  0.05357075206286527
1.38  0.07922671351558434
1.38  0.07573931353148093
1.38  0.05268571302246362
1.38  0.07922671351558434
1.38  0.07573931353148093
1.38  0.05268571302246362
1.38  0.07937593929377199
1.38  0.07512728577509827
1.38  0.0519476941418005
1.38  0.07937593929377217
1.38  0.07512728577509827
1.38  0.0519476941418005
1.392  0.07646140759296909
1.392  0.0731212787972406
1.392  0.05103600024901246
1.392  0.07646140759296909
1.392  0.07312127879724062
1.392  0.051036000249012385
1.392  0.07660131027007262
1.392  0.07253569352086392
1.392  0.050325450340035986
1.392  0.07660131027007262
1.392  0.07253569352086392
1.392  0.05032545034003607
1.404  0.07366380859122075
1.404  0.07049814061518854
1.404  0.04939846167234782
1.404  0.07366380859122076
1.404  0.07049814061518854
1.404  0.049398461672347786
1.404  0.07378514618567078
1.404  0.06994893577250656
1.404  0.048714921238134735
1.404  0.07378514618567081
1.404  0.06994893577250656
1.404  0.04871492123813905
1.416  0.07082020867444871
1.416  0.06786761336752847
1.416  0.04777633122560399
1.416  0.07082020867444871
1.416  0.06786761336752847
1.416  0.04777633122559976
1.416  0.0709119047823195
1.416  0.06736659437030387
1.416  0.04711926057785166
1.416  0.0709119047823195
1.416  0.06736659437030389
1.416  0.04711926057785168
1.428  0.06792000987947856
1.428  0.06522265863669167
1.428  0.0461641856963631
1.428  0.06792000987947856
1.428  0.06522265863669167
1.428  0.04616418569636307
1.428  0.06797157979500427
1.428  0.0647810488682404
1.428  0.04553310288604568
1.428  0.0679715797950045
1.428  0.0647810488682404
1.428  0.0455331028860457
1.44  0.06496160198269547
1.44  0.06255516908168955
1.44  0.04455055786211185
1.44  0.06496160198269549
1.44  0.06255516908168955
1.44  0.044550557862111824
1.44  0.06496545248844801
1.44  0.06218124432727408
1.44  0.04394516002383165
1.44  0.06496545248844803
1.44  0.06218124432727408
1.44  0.04394516002383166
1.452  0.06195528644657219
1.452  0.05986052008884216
1.452  0.04292253045543756
1.452  0.06195528644657224
1.452  0.05986052008884216
1.452  0.042922530455437216
1.452  0.061908215199715455
1.452  0.059558024778008485
1.452  0.0423427558216982
1.452  0.061908215199715455
1.452  0.059558024778008485
1.452  0.04234275582169821
1.464  0.0589227634922791
1.464  0.05714126390609627
1.464  0.04127055864022355
1.464  0.0589227634922791
1.464  0.057141263906096265
1.464  0.04127055864022352
1.464  0.05882636122677738
1.464  0.0569089312428122
1.464  0.04071656749793816
1.464  0.05882636122677741
1.464  0.0569089312428122
1.464  0.040716567497938505
1.476  0.05589423694511299
1.476  0.054409032608838684
1.476  0.0395921249245558
1.476  0.05589423694511299
1.476  0.054409032608838684
1.476  0.039592124924555425
1.476  0.05575428412529717
1.476  0.05424113356606151
1.476  0.03906420407623938
1.476  0.0557542841252972
1.476  0.054241133566061764
1.476  0.03906420407623947
1.488  0.052904527809791414
1.488  0.05168431892732313
1.488  0.0378933723629939
1.488  0.052904527809791414
1.488  0.05168431892732313
1.488  0.037893372362993887
1.488  0.05272972719798662
1.488  0.05157190518450439
1.488  0.037391792150009866
1.488  0.05272972719798662
1.488  0.0515719051845044
1.488  0.037391792150009893
1.5  0.04998909937462972
1.5  0.04899422768865308
1.5  0.036188453001480034
1.5  0.04998909937462972
1.5  0.04899422768865308
1.5  0.036188453001478424
1.5  0.04978956260816455
1.5  0.0489266505580755
1.5  0.03571331970154754
1.5  0.049789562608164556
1.5  0.0489266505580755
1.5  0.03571331970154764
1.512  0.0471804863210371
1.512  0.0463688118156252
1.512  0.034497007395009285
1.512  0.0471804863210374
1.512  0.0463688118156252
1.512  0.03449700739500917
1.512  0.04696633528363326
1.512  0.04633515272422848
1.512  0.03404815062137092
1.512  0.046966335283633566
1.512  0.04633515272422848
1.512  0.03404815062137094
1.524  0.04450554070969891
1.524  0.043837061398808545
1.524  0.03284074904076298
1.524  0.04450554070969891
1.524  0.043837061398808545
1.524  0.03284074904076286
1.524  0.04428585255009689
1.524  0.04382723813940422
1.524  0.03241766628759662
1.524  0.0442858525500969
1.524  0.04382723813940423
1.524  0.03241766628759665
1.536  0.041983820318587176
1.536  0.04142360353997057
1.536  0.03124022620275061
1.536  0.041983820318587176
1.536  0.04142360353997057
1.536  0.031240226202750136
1.536  0.04176599912950099
1.536  0.04142906001372017
1.536  0.03084208555784644
1.536  0.041765999129501
1.536  0.04142906001372017
1.536  0.03084208555784656
1.548  0.03962716960592307
1.548  0.03914669225581264
1.548  0.029712466579851105
1.548  0.03962716960592307
1.548  0.03914669225581264
1.548  0.029712466579851063
1.548  0.039416714975198094
1.548  0.0391606922330197
1.548  0.029338153977053385
1.548  0.039416714975198094
1.548  0.0391606922330197
1.548  0.029338153977053413
1.56  0.0374402581737384
1.56  0.03701752193189494
1.56  0.028269720445849945
1.56  0.0374402581737384
1.56  0.03701752193189494
1.56  0.028269720445849803
1.56  0.03724083776885693
1.56  0.03703513260459433
1.56  0.027917912548972967
1.56  0.037240837768856935
1.56  0.03703513260459433
1.56  0.027917912548972974
1.572  0.03542172253815112
1.572  0.03504058501977054
1.572  0.026919187238331952
1.572  0.03542172253815112
1.572  0.03504058501977054
1.572  0.026919187238331903
1.572  0.03523543494522686
1.572  0.03505846003288089
1.572  0.026588432339534014
1.572  0.035235434945226865
1.572  0.0350584600328813
1.572  0.026588432339534025
1.584  0.033565583278351394
1.584  0.03321470668274127
1.584  0.025663466003802822
1.584  0.033565583278351394
1.584  0.03321470668274127
1.584  0.025663466003802732
1.584  0.033393305083487514
1.584  0.03323077316088807
1.584  0.025352259645264816
1.584  0.03339330508348753
1.584  0.03323077316088807
1.584  0.02535225964526482
1.596  0.031862685747027615
1.596  0.03153440624752639
1.596  0.02450143226716325
1.596  0.031862685747027615
1.596  0.03153440624752639
1.596  0.024501432267162646
1.596  0.0317044219752572
1.596  0.03154753706717599
1.596  0.024208279513508544
1.596  0.0317044219752572
1.596  0.031547537067175994
1.596  0.024208279513508704
1.608  0.030301991616582705
1.608  0.029991296525426783
1.608  0.02342926778301888
1.608  0.030301991616582705
1.608  0.029991296525426783
1.608  0.023429267783018824
1.608  0.030157180362391647
1.608  0.030001018525995043
1.608  0.02315272894099012
1.608  0.030157180362391654
1.608  0.030001018525995043
1.608  0.02315272894099017
1.62  0.028871624458819627
1.62  0.02857532201800852
1.62  0.022441438257058
1.62  0.028871624458819634
1.62  0.02857532201800852
1.62  0.022441438257056023
1.62  0.028739375179687738
1.62  0.02858158277458155
1.62  0.022180158515309037
1.62  0.028739375179687738
1.62  0.02858158277458155
1.62  0.022180158515309203
1.632  0.027559640208607992
1.632  0.027275735891506978
1.632  0.021531502256322138
1.632  0.027559640208607992
1.632  0.027275735891506978
1.632  0.02153150225632209
1.632  0.027438905091437104
1.632  0.027278731818943826
1.632  0.021284227848835685
1.632  0.0274389050914392
1.632  0.02727873181894386
1.632  0.0212842278488357
1.644  0.02635454280780417
1.644  0.02608179758898923
1.644  0.02069271261725888
1.644  0.02635454280780417
1.644  0.02608179758898923
1.644  0.02069271261725869
1.644  0.02624423113859029
1.644  0.026081855387569325
1.644  0.020458296872887128
1.644  0.026244231138592485
1.644  0.02608185538756934
1.644  0.020458296872887177
1.656  0.0252455918335079
1.656  0.024983223816606823
1.656  0.019918423051103865
1.656  0.0252455918335079
1.656  0.024983223816606823
1.656  0.019918423051103803
1.656  0.02514464072190555
1.656  0.024980723451597322
1.656  0.019695825543254077
1.656  0.025144640721905562
1.656  0.024980723451597322
1.656  0.01969582554325426
1.668  0.024222955962573536
1.668  0.023970446866841147
1.668  0.01920233685078524
1.668  0.024222955962573525
1.668  0.023970446866841147
1.668  0.019202336850785186
1.668  0.0241303701119512
1.668  0.02396577451420535
1.668  0.01899061827730571
1.668  0.024130370111951207
1.668  0.02396577451420535
1.668  0.01899061827730571
1.68  0.02327776117568307
1.68  0.023034735526959366
1.68  0.01853863975291224
1.68  0.023277761175683056
1.68  0.023034735526959366
1.68  0.01853863975291222
1.68  0.02319263201519759
1.68  0.023028256922582528
1.68  0.01833695448850517
1.68  0.023192632015197594
1.68  0.023028256922582528
1.68  0.018336954488505187
1.692  0.022402072578029158
1.692  0.022168225271847634
1.692  0.01792205418527947
1.692  0.022402072578029158
1.692  0.022168225271847634
1.692  0.0179220541852794
1.692  0.022323584394375914
1.692  0.022160272293399015
1.692  0.01772964183226973
1.692  0.022323584394375956
1.692  0.02216027229339902
1.692  0.017729641832269747
1.704  0.021588838086004026
1.704  0.02136389304284255
1.704  0.017347843823760044
1.704  0.021588838086004026
1.704  0.021363893042842544
1.704  0.017347843823760024
1.704  0.021516266456630812
1.704  0.02135475848381546
1.704  0.01716402060489199
1.704  0.021516266456630816
1.704  0.021354758483815465
1.704  0.01716402060489201
1.716  0.02083181314334534
1.716  0.02061550131953034
1.716  0.016811789118292647
1.716  0.02083181314334534
1.716  0.02061550131953034
1.716  0.01681178911829258
1.716  0.020764519173519774
1.716  0.02060543847656418
1.716  0.016635939609222786
1.716  0.020764519173519784
1.716  0.020605438476564188
1.716  0.016635939609222793
1.728  0.020125478709717443
1.728  0.019917527757331636
1.728  0.016310147654876084
1.728  0.02012547870971744
1.728  0.019917527757331636
1.728  0.01631014765487606
1.728  0.020062901289486075
1.728  0.019906752651406442
1.728  0.016141717120818203
1.728  0.020062901289486075
1.728  0.019906752651406446
1.728  0.016141717120818213
1.74  0.019464959873349605
1.74  0.019265090527807876
1.74  0.015839608180902406
1.74  0.019464959873349605
1.74  0.019265090527807876
1.74  0.01583960818090238
1.74  0.019406607296453222
1.74  0.01925378540244896
1.74  0.0156780956327778
1.74  0.019406607296453222
1.74  0.019253785402448972
1.74  0.01567809563277786
1.752  0.01884594916651828
1.752  0.018653875298987502
1.752  0.015397243620381704
1.752  0.01884594916651828
1.752  0.018653875298987502
1.752  0.015397243620381676
1.752  0.018791390882013693
1.752  0.018642192582108554
1.752  0.015242195615316551
1.752  0.018791390882013745
1.752  0.01864219258210875
1.752  0.015242195615316569
1.764  0.018264636570547024
1.764  0.018080067049789553
1.764  0.014980466087817557
1.764  0.018264636570547024
1.764  0.018080067049789553
1.764  0.014980466087817291
1.764  0.018213495476419834
1.764  0.018068133314300003
1.764  0.014831471247247579
1.764  0.018213495476419834
1.764  0.018068133314300003
1.764  0.014831471247247822
1.776  0.01771764691752355
1.776  0.017540288193172868
1.776  0.014586985434693348
1.776  0.017717646917523536
1.776  0.017540288193172868
1.776  0.014586985434692338
1.776  0.017669592384145942
1.776  0.017528207869047446
1.776  0.014443669626590556
1.776  0.017669592384145998
1.776  0.017528207869047657
1.776  0.014443669626590624
1.788  0.01720198465268938
1.788  0.017031543449945667
1.788  0.014214771959597066
1.788  0.01720198465268938
1.788  0.017031543449945667
1.788  0.014214771959596978
1.788  0.017156726333237667
1.788  0.01701940217248036
1.788  0.014076794079853763
1.788  0.01715672633323767
1.788  0.01701940217248041
1.788  0.014076794079853775
1.8  0.01671498552006966
1.8  0.016551171327225608
1.8  0.013862023383948418
1.8  0.016714985520069607
1.8  0.01655117132722562
1.8  0.013862023383948327
1.8  0.01667226793154166
1.8  0.016539038883665258
1.8  0.013729071669478074
1.8  0.016672267931541664
1.8  0.016539038883666132
1.8  0.013729071669478083
1.812  0.016254274543350218
1.812  0.016096801746857084
1.812  0.013527135903619881
1.812  0.016254274543350163
1.812  0.016096801746857084
1.812  0.013527135903619605
1.812  0.016213872363710302
1.812  0.016084734626947657
1.812  0.013398924712273021
1.812  0.016213872363710306
1.812  0.016084734626947716
1.812  0.013398924712274099
1.824  0.01581772960903709
1.824  0.015666319230379984
1.824  0.01320867898155082
1.824  0.015817729609037087
1.824  0.015666319230379984
1.824  0.013208678981550726
1.824  0.015779443619151835
1.824  0.01565436280887094
1.824  0.013084945978999587
1.824  0.015779443619151838
1.824  0.01565436280887094
1.824  0.013084945978999661
1.836  0.015403449965196917
1.836  0.015257831008259691
1.836  0.012905373488811179
1.836  0.015403449965196917
1.836  0.01525783100825975
1.836  0.012905373488811153
1.836  0.015367103559634828
1.836  0.015246021397393462
1.836  0.012785877188666394
1.836  0.015367103559635763
1.836  0.015246021397393525
1.836  0.012785877188666419
1.848  0.015009728993043842
1.848  0.014869639437797415
1.848  0.012616072794256462
1.848  0.015009728993043842
1.848  0.014869639437797415
1.848  0.012616072794255327
1.848  0.01497516518605711
1.848  0.014858005050637
1.848  0.01250059040402515
1.848  0.014975165186057116
1.848  0.014858005050637007
1.848  0.012500590404025158
1.86  0.014635030669865878
1.86  0.0145002181595277
1.86  0.012339746422847245
1.86  0.014635030669865861
1.86  0.0145002181595277
1.86  0.012339746422847164
1.86  0.014602109528554624
1.86  0.014488781023808387
1.86  0.012228071954363866
1.86  0.014602109528554627
1.86  0.014488781023808387
1.86  0.012228071954364162
1.872  0.014277969208532549
1.872  0.01414819147956247
1.872  0.012075465935799631
1.872  0.014277969208532533
1.872  0.01414819147956247
1.872  0.012075465935799598
1.872  0.014246565652342991
1.872  0.014136968338622831
1.872  0.011967408544309116
1.872  0.014246565652342991
1.872  0.014136968338622836
1.872  0.01196740854430914
1.884  0.013937291424349699
1.884  0.01381231652614549
1.884  0.011822392723784545
1.884  0.013937291424349699
1.884  0.013812316526145486
1.884  0.011822392723784228
1.884  0.013907293337497448
1.884  0.01380131975949859
1.884  0.011717775244819234
1.884  0.013907293337497451
1.884  0.0138013197594986
1.884  0.011717775244819255
1.896  0.01361186144094908
1.896  0.013491467787300546
1.896  0.011579767442795234
1.896  0.013611861440949077
1.896  0.013491467787300551
1.896  0.011579767442795206
1.896  0.013583168051550947
1.896  0.01348070617923363
1.896  0.011478425100312861
1.896  0.013583168051550965
1.896  0.01348070617923363
1.896  0.011478425100312883
1.908  0.013300647401698742
1.908  0.013184623690423876
1.908  0.011346900858412232
1.908  0.013300647401698742
1.908  0.01318462369042387
1.908  0.011346900858412121
1.908  0.013273167887927892
1.908  0.01317410307103205
1.908  0.011248680121453122
1.908  0.01327316788792791
1.908  0.013174103071032056
1.908  0.011248680121453147
1.92  0.013002709901369876
1.92  0.012890854932917526
1.92  0.011123165897033346
1.92  0.013002709901369876
1.92  0.012890854932917526
1.92  0.011123165897033315
1.92  0.012976362190807385
1.92  0.012880578712320007
1.92  0.011027923465374938
1.92  0.012976362190807385
1.92  0.012880578712320085
1.92  0.011027923465375029
1.932  0.012717191894673761
1.932  0.012609314315210812
1.932  0.010907990731666518
1.932  0.01271719189467376
1.932  0.012609314315210812
1.932  0.010907990731666484
1.932  0.012691901628096572
1.932  0.012599283928490999
1.932  0.010815592633755394
1.932  0.012691901628096573
1.932  0.012599283928491004
1.932  0.010815592633755736
1.944  0.012443309874292999
1.944  0.012339227864150098
1.944  0.01070085275516241
1.944  0.012443309874292999
1.944  0.012339227864150098
1.944  0.010700852755162379
1.944  0.012419009509553105
1.944  0.012329443141757452
1.944  0.010611173543964047
1.944  0.012419009509553108
1.944  0.012329443141757473
1.944  0.010611173543964143
1.956  0.012180346141827862
1.956  0.012079887066114008
1.956  0.010501273315603542
1.956  0.012180346141827862
1.956  0.01207988706611401
1.956  0.01050127331560351
1.956  0.012156974177193337
1.956  0.012070346542070917
1.956  0.010414195350029222
1.956  0.012156974177193337
1.956  0.012070346542070917
1.956  0.010414195350029246
1.968  0.01192764202124161
1.968  0.011830642056065866
1.968  0.01030881310716737
1.968  0.01192764202124161
1.968  0.011830642056065866
1.968  0.010308813107167272
1.968  0.01190514232076625
1.968  0.011821343224290761
1.968  0.010224225908471316
1.968  0.01190514232076627
1.968  0.011821343224290761
1.968  0.010224225908471414
1.98  0.011684591886615952
1.98  0.011590895631476486
1.98  0.010123068125699646
1.98  0.011684591886615952
1.98  0.01159089563147649
1.98  0.010123068125699611
1.98  0.011662913092790755
1.98  0.01158183515883702
1.98  0.010040867799697654
1.98  0.011662913092790762
1.98  0.011581835158837024
1.98  0.010040867799697685
1.992  0.011450637894833155
1.992  0.011360097979435416
1.992  0.009943666111679813
1.992  0.011450637894833155
1.992  0.011360097979435416
1.992  0.00994366611167978
1.992  0.01142973291603767
1.992  0.01135127188269671
1.992  0.009863754828895826
1.992  0.011429732916037676
1.992  0.01135127188269671
1.992  0.009863754828895835
2.004  0.011225265329777542
2.004  0.011137742021595398
2.004  0.009770263414699682
2.004  0.011225265329777542
2.004  0.01113774202159548
2.004  0.00977026341469886
2.004  0.011205090891953444
2.004  0.01112914581424922
2.004  0.009692548941596886
2.004  0.011205090891953446
2.004  0.011129145814249303
2.004  0.009692548941596893
2.016  0.01100799847808383
2.016  0.010923359295468244
2.016  0.009602542223208438
2.016  0.01100799847808383
2.016  0.010923359295468244
2.016  0.00960254222320841
2.016  0.010988514731668838
2.016  0.010914988109414273
2.016  0.009526937498594226
2.016  0.010988514731668838
2.016  0.010914988109414278
2.016  0.009526937498594236
2.028  0.010798396967937317
2.028  0.010716516302313144
2.028  0.00944020811147327
2.028  0.01079839696793731
2.028  0.010716516302313144
2.028  0.009440208111473235
2.028  0.010779567142443084
2.028  0.010708364988552365
2.028  0.009366630862918763
2.028  0.010779567142443087
2.028  0.010708364988552368
2.028  0.009366630862918767
2.04  0.010596052512096903
2.04  0.010516811261815752
2.04  0.00928298786259834
2.04  0.010596052512096818
2.04  0.010516811261815752
2.04  0.009282987862598303
2.04  0.01057784261183979
2.04  0.01050887447360157
2.04  0.009211360258402367
2.04  0.010577842611839814
2.04  0.01050887447360158
2.04  0.009211360258402471
2.052  0.010400586004520979
2.052  0.01032387122214352
2.052  0.009130627532323828
2.052  0.010400586004520979
2.052  0.01032387122214352
2.052  0.009130627532323717
2.052  0.010382964540005741
2.052  0.010316143483488862
2.052  0.009060875865108045
2.052  0.01038296454000609
2.052  0.01031614348348895
2.052  0.00906087586510808
2.064  0.010211644927002682
2.064  0.010137349481174129
2.064  0.008982890723281825
2.064  0.010211644927002682
2.064  0.010137349481174136
2.064  0.008982890723281126
2.064  0.010194582677226262
2.064  0.010129825243111233
2.064  0.008914945121788583
2.064  0.010194582677226262
2.064  0.010129825243111236
2.064  0.008914945121788698
2.076  0.010028901028120076
2.076  0.009956923280721099
2.076  0.008839557043596511
2.076  0.010028901028120076
2.076  0.0099569232807211
2.076  0.008839557043596393
2.076  0.010012370829774067
2.076  0.009949596967333718
2.076  0.008773351209707743
2.076  0.010012370829774075
2.076  0.009949596967333723
2.076  0.008773351209707849
2.088  0.009852048241921894
2.088  0.009782291740802362
2.088  0.008700420727316548
2.088  0.009852048241921894
2.088  0.00978229174080236
2.088  0.00870042072731651
2.088  0.009836024802033992
2.088  0.009775157786704566
2.088  0.008635891695649416
2.088  0.009836024802033992
2.088  0.00977515778670457
2.088  0.008635891695649427
2.1  0.009680800818070366
2.1  0.009613174005389944
2.1  0.008565289397206662
2.1  0.009680800818070365
2.1  0.009613174005389944
2.1  0.008565289397206622
2.1  0.009665260547120644
2.1  0.00960622688606205
2.1  0.008502377314974658
2.1  0.009665260547120646
2.1  0.009606226886062054
2.1  0.00850237731497467
2.112  0.009514891638880654
2.112  0.009449307574874288
2.112  0.008433982953031889
2.112  0.00951489163888063
2.112  0.009449307574874288
2.112  0.00843398295303145
2.112  0.009499812501835823
2.112  0.009442541831025043
2.112  0.008372630878128536
2.112  0.009499812501835826
2.112  0.009442541831025067
2.112  0.008372630878128546
2.124  0.009354070701876282
2.124  0.009290446803691003
2.124  0.008306332570703767
2.124  0.009354070701876282
2.124  0.009290446803691003
2.124  0.008306332570703751
2.124  0.009339432084942841
2.124  0.00928385706064444
2.124  0.008246486286200491
2.124  0.00933943208494294
2.124  0.009283857060644468
2.124  0.008246486286200502
2.136  0.00919810374919985
2.136  0.009136361544346352
2.136  0.008182179799553142
2.136  0.00919810374919985
2.136  0.009136361544346746
2.136  0.0081821797995531
2.136  0.009183886340395419
2.136  0.009129942527262812
2.136  0.008123787643010846
2.136  0.009183886340395445
2.136  0.009129942527262912
2.136  0.008123787643010857
2.148  0.009046771027573088
2.148  0.008986835921452798
2.148  0.008061375746625426
2.148  0.009046771027573088
2.148  0.008986835921452798
2.148  0.00806137574662541
2.148  0.00903295670946242
2.148  0.008980582467092227
2.148  0.008004388452803927
2.148  0.009032956709463089
2.148  0.008980582467092236
2.148  0.008004388452803967
2.16  0.008899866164523554
2.16  0.008841667221435421
2.16  0.007943780338317356
2.16  0.008899866164523554
2.16  0.008841667221435427
2.16  0.007943780338317314
2.16  0.008886437917701275
2.16  0.008835574287034567
2.16  0.007888150894016776
2.16  0.008886437917701284
2.16  0.008835574287034572
2.16  0.007888150894016788
2.172  0.008757195148345994
2.172  0.00870066488535089
2.172  0.007829261650866158
2.172  0.008757195148345994
2.172  0.00870066488535089
2.172  0.007829261650866115
2.172  0.008744136964410265
2.172  0.00869472755510583
2.172  0.007774945160778637
2.172  0.008744136964410266
2.172  0.008694727555106245
2.172  0.007774945160779103
2.184  0.008618575400771796
2.184  0.008563649593782918
2.184  0.00771769530225916
2.184  0.00861857540077177
2.184  0.008563649593782918
2.184  0.007717695302259146
2.184  0.008605872203722432
2.184  0.008557863083346098
2.184  0.007664648864824352
2.184  0.008605872203722432
2.184  0.008557863083346521
2.184  0.007664648864824393
2.196  0.008483834932649663
2.196  0.00843045243409665
2.196  0.007608963899026526
2.196  0.008483834932649635
2.196  0.00843045243409665
2.196  0.007608963899026483
2.196  0.008471472507758015
2.196  0.008424812093438197
2.196  0.007557146491393572
2.196  0.008471472507758019
2.196  0.008424812093438198
2.196  0.007557146491394052
2.208  0.008352811574067276
2.208  0.008300914141511885
2.208  0.007502956532168656
2.208  0.008352811574067276
2.208  0.008300914141511883
2.208  0.007502956532168614
2.208  0.008340776503390745
2.208  0.008295415456422156
2.208  0.007452328903466232
2.208  0.008340776503390771
2.208  0.008295415456422185
2.208  0.007452328903466364
2.22  0.008225352271341106
2.22  0.00817488440642131
2.22  0.007399568317145668
2.22  0.008225352271341106
2.22  0.008174884406421312
2.22  0.007399568317145625
2.22  0.008213631875164842
2.22  0.0081695229989111
2.22  0.007350092889328897
2.22  0.008213631875164842
2.22  0.008169522998911105
2.22  0.00735009288932891
2.232  0.008101312444173607
2.232  0.008052221241271435
2.232  0.007298699973450425
2.232  0.008101312444173607
2.232  0.008052221241271435
2.232  0.00729869997345038
2.232  0.00808989472774178
2.232  0.008046992869066844
2.232  0.007250340749082691
2.232  0.00808989472774178
2.232  0.008046992869066854
2.232  0.007250340749082704
2.244  0.007980555397020061
2.244  0.007932790401083311
2.244  0.0072002574397946545
2.244  0.007980555397020061
2.244  0.007932790401083313
2.244  0.0072002574397946086
2.244  0.007969429001999217
2.244  0.007927690956389125
2.244  0.007152979916181585
2.244  0.007969429001999217
2.244  0.007927690956389575
2.244  0.007152979916181629
2.256  0.007862951779392847
2.256  0.007816464852353197
2.256  0.007104151521396136
2.256  0.00786295177939284
2.256  0.007816464852353197
2.256  0.007104151521396121
2.256  0.00785210593957536
2.256  0.007811490360025824
2.256  0.007057922610538461
2.256  0.007852105939575364
2.256  0.007811490360025832
2.256  0.0070579226105385055
2.268  0.007748379090386317
2.268  0.007703124285644681
2.268  0.00701029756623997
2.268  0.007748379090386318
2.268  0.007703124285644681
2.268  0.007010297566239925
2.268  0.00773780359119638
2.268  0.007698270900898952
2.268  0.006965085520135218
2.268  0.007737803591196382
2.268  0.007698270900898981
2.268  0.006965085520135233
2.28  0.007636721223229838
2.28  0.007592654667715003
2.28  0.00691861516753694
2.28  0.007636721223229831
2.28  0.007592654667715003
2.28  0.006918615167536893
2.28  0.007626406364656973
2.28  0.007587918673466974
2.28  0.006874389508398993
2.28  0.007626406364656976
2.28  0.007587918673466982
2.28  0.006874389508399004
2.292  0.007527868046133391
2.292  0.007484947829454181
2.292  0.006829027889902273
2.292  0.007527868046133389
2.292  0.007484947829454182
2.292  0.0068290278899022245
2.292  0.007517804608741271
2.292  0.00748032563337642
2.292  0.006785759344904876
2.292  0.007517804608741754
2.292  0.007480325633376423
2.292  0.006785759344905412
2.304  0.007421715016059756
2.304  0.007379901086308816
2.304  0.006741463017040288
2.304  0.007421715016059271
2.304  0.007379901086308816
2.304  0.006741463017040139
2.304  0.007411894229782149
2.304  0.007375389217680033
2.304  0.006699123457235943
2.304  0.007411894229782159
2.304  0.0073753892176800446
2.304  0.006699123457235982
2.316  0.007318162822438251
2.316  0.007277416888224483
2.316  0.006655851318961922
2.316  0.007318162822438251
2.316  0.007277416888224486
2.316  0.006655851318961872
2.316  0.0073085763378808784
2.316  0.007273011994623482
2.316  0.00661441370204974
2.316  0.00730857633788088
2.316  0.007273011994623514
2.316  0.0066144137020497495
2.328  0.007217117058122332
2.328  0.007177402496435978
2.328  0.006572126836963667
2.328  0.007217117058122332
2.328  0.00717740249643598
2.328  0.006572126836963651
2.328  0.00720775692014151
2.328  0.007173101340333365
2.328  0.006531565153618203
2.328  0.007207756920141511
2.328  0.007173101340333401
2.328  0.006531565153618217
2.34  0.007118487915172447
2.34  0.0070797696847116195
2.34  0.006490226684777925
2.34  0.007118487915172447
2.34  0.0070797696847116195
2.34  0.006490226684777907
2.34  0.007109346538510853
2.34  0.007075569139999636
2.34  0.006450515908268974
2.34  0.0071093465385108565
2.34  0.007075569139999645
2.34  0.006450515908269129
2.352  0.007022189903291472
2.352  0.006984434462905996
2.352  0.006410090864471598
2.352  0.007022189903291472
2.352  0.006984434462905996
2.352  0.0064100908644714434
2.352  0.007013260050088475
2.352  0.006980331511396248
2.352  0.006371206903334074
2.352  0.007013260050088475
2.352  0.006980331511396256
2.352  0.006371206903334114
2.364  0.006928141588957294
2.364  0.006891316820877715
2.364  0.006331662095808283
2.364  0.006928141588957294
2.364  0.006891316820877715
2.364  0.006331662095808232
2.364  0.006919416347954661
2.364  0.006887308548799405
2.364  0.006293581749335165
2.364  0.006919416347954663
2.364  0.006887308548799409
2.364  0.006293581749335167
2.376  0.006836265353478633
2.376  0.006800340491030644
2.376  0.006254885657915616
2.376  0.006836265353478631
2.376  0.006800340491030644
2.376  0.006254885657915572
2.376  0.006827738120776433
2.376  0.0067964240855475
2.376  0.00621758657428046
2.376  0.0068277381207764365
2.376  0.006796424085547647
2.376  0.006217586574280473
2.388  0.006746487168385165
2.388  0.006711432727899236
2.388  0.006179709242223145
2.388  0.006746487168385165
2.388  0.006711432727899236
2.388  0.006179709242222583
2.388  0.006738151629608153
2.388  0.006707605473667167
2.388  0.006143169879034584
2.388  0.006738151629608156
2.388  0.006707605473667302
2.388  0.0061431698790347326
2.4  0.006658736386704454
2.4  0.006624524103358557
2.4  0.006106082815718492
2.4  0.006658736386704454
2.4  0.006624524103358555
2.4  0.006106082815718451
2.4  0.00665058650045449
2.4  0.0066207833791348085
2.4  0.0060702824028438865
2.4  0.006650586500454525
2.4  0.006620783379134843
2.4  0.006070282402843929
2.412  0.0065729455488188655
2.412  0.006539548316164159
2.412  0.006033958493679191
2.412  0.0065729455488188655
2.412  0.006539548316164162
2.412  0.006033958493678641
2.412  0.00656497553130571
2.412  0.006535891591480208
2.412  0.005998876998178066
2.412  0.006564975531305711
2.412  0.0065358915914803485
2.412  0.005998876998178229
2.424  0.006489050201722374
2.424  0.006456442014654869
2.424  0.005963290421101004
2.424  0.006489050201722374
2.424  0.006456442014654869
2.424  0.0059632904211009575
2.424  0.006481254512471724
2.424  0.0064528668465662796
2.424  0.00592890851412358
2.424  0.006481254512471727
2.424  0.0064528668465663125
2.424  0.005928908514123594
2.436  0.0064069887305931005
2.436  0.006375144631561016
2.436  0.00589403466212942
2.436  0.0064069887305931005
2.436  0.006375144631561016
2.436  0.0058940346621294
2.436  0.0063993620591408324
2.436  0.006371648661475632
2.436  0.005860333687649689
2.436  0.006399362059140833
2.436  0.006371648661475645
2.436  0.005860333687649702
2.448  0.006326702201712216
2.448  0.006295598229952586
2.448  0.005826149096854983
2.448  0.006326702201712216
2.448  0.006295598229952586
2.448  0.0058261490968544525
2.448  0.0063192394552074125
2.448  0.006292179180544657
2.448  0.005793111042113168
2.448  0.006319239455207421
2.448  0.00629217918054466
2.448  0.00579311104211321
2.46  0.006248134215838329
2.46  0.006217747359450446
2.46  0.005759593324893102
2.46  0.006248134215838328
2.46  0.006217747359450446
2.46  0.005759593324893085
2.46  0.006240830507472975
2.46  0.006214403031664582
2.46  0.005727200792441457
2.46  0.006240830507473012
2.46  0.006214403031664591
2.46  0.005727200792441617
2.472  0.006171230771219643
2.472  0.006141538921906418
2.472  0.0056943285752318615
2.472  0.006171230771219643
2.472  0.006141538921906418
2.472  0.005694328575231687
2.472  0.006164081409430517
2.472  0.006138267192053481
2.472  0.005662564756469244
2.472  0.006164081409430517
2.472  0.006138267192053492
2.472  0.005662564756469256
2.484  0.006095940135517622
2.484  0.006066922045822073
2.484  0.005630317621853315
2.484  0.00609594013551762
2.484  0.006066922045822073
2.484  0.0056303176218531386
2.484  0.006088940613888816
2.484  0.006063720862767219
2.484  0.005599166271964557
2.484  0.0060889406138888175
2.484  0.00606372086276723
2.484  0.005599166271964572
2.496  0.006022212725957127
2.496  0.005993847968845522
2.496  0.005567524704708521
2.496  0.006022212725957127
2.496  0.005993847968845522
2.496  0.005567524704708504
2.496  0.006015358713772121
2.496  0.005990715351290239
2.496  0.0055369701189099466
2.496  0.006015358713772126
2.496  0.005990715351290278
2.496  0.0055369701189099604
2.508  0.005950000997091848
2.508  0.005922269927735324
2.508  0.005505915455631635
2.508  0.005950000997091809
2.508  0.005922269927735324
2.508  0.005505915455631576
2.508  0.005943288330489072
2.508  0.0059192039615959344
2.508  0.005475942446647151
2.508  0.005943288330489072
2.508  0.0059192039615959344
2.508  0.00547594244664732
2.52  0.005879259335621331
2.52  0.0058521430552462865
2.52  0.00544545682883931
2.52  0.00587925933562133
2.52  0.005852143055246277
2.52  0.005445456828839293
2.52  0.005872684009299522
2.52  0.00584914189111836
2.52  0.005416050705527722
2.52  0.005872684009299525
2.52  0.005849141891118362
2.52  0.005416050705527737
2.532  0.005809943961740191
2.532  0.005783424283417788
2.532  0.005386117035673909
2.532  0.005809943961740191
2.532  0.005783424283417786
2.532  0.005386117035673859
2.532  0.005803502121180216
2.532  0.005780486134139778
2.532  0.00535726358273846
2.532  0.005803502121180218
2.532  0.005780486134139779
2.532  0.005357263582738507
2.544  0.005742012836549491
2.544  0.005716072252811306
2.544  0.005327865483288399
2.544  0.005742012836549491
2.544  0.005716072252811306
2.544  0.005327865483288389
2.544  0.005735700770707528
2.544  0.005713195391112069
2.544  0.005299550942000562
2.544  0.0057357007707075375
2.544  0.005713195391112081
2.544  0.005299550942000566
2.556  0.0056754255750943216
2.556  0.005650047227260547
2.556  0.005270672716991629
2.556  0.00567542557509431
2.556  0.005650047227260547
2.556  0.005270672716991576
2.556  0.005669239709537632
2.556  0.005647229983497855
2.556  0.00524288376687206
2.556  0.005669239709537637
2.556  0.005647229983497865
2.556  0.005242883766872064
2.568  0.005610143364630306
2.568  0.005585311013750533
2.568  0.005214510365993642
2.568  0.005610143364630304
2.568  0.005585311013750533
2.568  0.0052145103659935925
2.568  0.005604080255079359
2.568  0.005582551773734859
2.568  0.00518723410738839
2.568  0.005604080255079401
2.568  0.005582551773734872
2.568  0.005187234107388406
2.58  0.005546128887749663
2.58  0.005521826887061475
2.58  0.005159351092315808
2.58  0.00554612888774966
2.58  0.005521826887061475
2.58  0.005159351092315357
2.58  0.00554018521400042
2.58  0.005519124089963934
2.58  0.005132575029823447
2.58  0.005540185214000421
2.58  0.005519124089963946
2.58  0.005132575029823495
2.592  0.005483346250032557
2.592  0.005459559518846516
2.592  0.00510516854264961
2.592  0.0054833462500325555
2.592  0.005459559518846681
2.592  0.005105168542649556
2.592  0.005477518810230145
2.592  0.0054569116551867695
2.592  0.0050788805693393274
2.592  0.005477518810230145
2.592  0.005456911655186937
2.592  0.0050788805693393335
2.604  0.005421760911911686
2.604  0.005398474910839639
2.604  0.005051937302959676
2.604  0.005421760911911686
2.604  0.005398474910839639
2.604  0.0050519373029596585
2.604  0.005416046617152746
2.604  0.005395880520553404
2.604  0.005026125685343723
2.604  0.005416046617152758
2.604  0.005395880520553407
2.604  0.00502612568534374
2.616  0.005361339624462929
2.616  0.005338540331913063
2.616  0.00499963285564762
2.616  0.005361339624462929
2.616  0.005338540331913062
2.616  0.0049996328556476
2.616  0.00535573549370287
2.616  0.005335998002495215
2.616  0.004974286219361996
2.616  0.005355735493702871
2.616  0.0053359980024952165
2.616  0.004974286219362012
2.628  0.005302050368859773
2.628  0.005279724258722939
2.628  0.004948231539107288
2.628  0.005302050368859773
2.628  0.005279724258722939
2.628  0.00494823153910727
2.628  0.005296553524104885
2.628  0.005277232623445748
2.628  0.0049233388552581935
2.628  0.0052965535241048895
2.628  0.00527723262344575
2.628  0.0049233388552581995
2.64  0.005243862299247618
2.64  0.005221996319706539
2.64  0.004897710509511689
2.64  0.005243862299247617
2.64  0.005221996319706539
2.64  0.00489771050951167
2.64  0.005238469961011708
2.64  0.00521955405590744
2.64  0.004873261081656327
2.64  0.00523846996101171
2.64  0.005219554055907444
2.64  0.004873261081656378
2.652  0.0051867456888090675
2.652  0.005165327242208155
2.652  0.004848047704686138
2.652  0.005186745688809065
2.652  0.005165327242208155
2.652  0.004848047704685731
2.652  0.005181455171819423
2.652  0.005162933069646377
2.652  0.004824031156409008
2.652  0.0051814551718194265
2.652  0.005162933069646379
2.652  0.0048240311564092
2.664  0.005130671878816098
2.664  0.005109688802532111
2.664  0.004799221809935717
2.664  0.0051306718788160935
2.664  0.005109688802532111
2.664  0.004799221809935696
2.664  0.005125480587950535
2.664  0.005107341481811317
2.664  0.004775628072987618
2.664  0.005125480587950537
2.664  0.005107341481811745
2.664  0.0047756280729876355
2.676  0.005075613230475153
2.676  0.005055053778727218
2.676  0.004751212225698584
2.676  0.005075613230475153
2.676  0.005055053778727218
2.676  0.004751212225698566
2.676  0.005070518656916043
2.676  0.005052752109782684
2.676  0.004728031528669717
2.676  0.005070518656916045
2.676  0.005052752109782688
2.676  0.0047280315286697345
2.688  0.005021543079385232
2.688  0.005001395905937291
2.688  0.004703999036911488
2.688  0.005021543079385229
2.688  0.005001395905937291
2.688  0.0047039990369114664
2.688  0.005016542796974507
2.688  0.004999138726581961
2.688  0.004681221894410181
2.688  0.005016542796974508
2.688  0.0049991387265819615
2.688  0.004681221894410198
2.7  0.004968435692442261
2.7  0.0049486898341459355
2.7  0.004657562983980839
2.7  0.004968435692442261
2.7  0.0049486898341459355
2.7  0.00465756298398082
2.7  0.004963527354228824
2.7  0.004946476018676411
2.7  0.004635180186288768
2.7  0.004963527354228826
2.7  0.0049464760186764154
2.7  0.004635180186288819
2.712  0.004916266227040545
2.712  0.004896911088171941
2.712  0.004611885435257009
2.712  0.004916266227040544
2.712  0.0048969110881719406
2.712  0.004611885435256639
2.712  0.0049114475620044605
2.712  0.00489473954603114
2.712  0.004589888038439408
2.712  0.004911447562004463
2.712  0.004894739546031142
2.712  0.004589888038439414
2.724  0.004865010692424039
2.724  0.004846036029770236
2.724  0.00456694836092473
2.724  0.004865010692424035
2.724  0.004846036029770236
2.724  0.0045669483609245215
2.724  0.00486027950236833
2.724  0.004843905704263604
2.724  0.004545327677367937
2.724  0.004860279502368343
2.724  0.004843905704263606
2.724  0.004545327677367956
2.736  0.0048146459130570885
2.736  0.004796041821713351
2.736  0.004522734308219437
2.736  0.004814645913057088
2.736  0.004796041821713351
2.736  0.0045227343082194175
2.736  0.004810000069656207
2.736  0.004793951688775768
2.736  0.004501481897577023
2.736  0.00481000006965621
2.736  0.004793951688775781
2.736  0.004501481897577026
2.748  0.004765149493891151
2.748  0.004746906393727656
2.748  0.004479226377890137
2.748  0.00476514949389115
2.748  0.004746906393727656
2.748  0.004479226377890129
2.748  0.004760586935885983
2.748  0.004744855460742964
2.748  0.004458334038414648
2.748  0.004760586935885987
2.748  0.004744855460743012
2.748  0.004458334038414701
2.76  0.004716499787413411
2.76  0.00469860841017776
2.76  0.004436408201836424
2.76  0.004716499787413411
2.76  0.00469860841017776
2.76  0.0044364082018363655
2.76  0.004712018517946477
2.76  0.004696595714843069
2.76  0.004415867962079076
2.76  0.004712018517946477
2.76  0.004696595714843082
2.76  0.00441586796207908
2.772  0.004668675862368924
2.772  0.004651127239389333
2.772  0.004394263921849642
2.772  0.004668675862368911
2.772  0.004651127239389334
2.772  0.004394263921849622
2.772  0.00466427394644833
2.772  0.004649151848625345
2.772  0.004374068032707863
2.772  0.004664273946448334
2.772  0.004649151848625398
2.772  0.0043740680327078695
2.784  0.004621657474058351
2.784  0.00460444292451504
2.784  0.004352778169393789
2.784  0.004621657474058348
2.784  0.00460444292451504
2.784  0.004352778169393731
2.784  0.004617333036144832
2.784  0.004602503933422576
2.784  0.004332919096489309
2.784  0.004617333036144846
2.784  0.004602503933422629
2.784  0.004332919096489328
2.796  0.004575425036117805
2.796  0.004558536155854988
2.796  0.0043119360463653835
2.796  0.004575425036117804
2.796  0.004558536155854989
2.796  0.004311936046365169
2.796  0.00457117625782847
2.796  0.004556632686709531
2.796  0.00429240646273758
2.796  0.004571176257828472
2.796  0.004556632686709544
2.796  0.004292406462737586
2.808  0.004529959593696426
2.808  0.0045133882445414
2.808  0.0042717231067761425
2.808  0.004529959593696426
2.808  0.0045133882445414
2.808  0.0042717231067761355
2.808  0.004525784711615662
2.808  0.0045115194458315525
2.808  0.004252515885875333
2.808  0.004525784711615667
2.808  0.004511519445831553
2.808  0.004252515885875339
2.82  0.004485242797946363
2.82  0.004468981097516393
2.82  0.0042321253393079695
2.82  0.004485242797946362
2.82  0.004468981097516393
2.82  0.004232125339307905
2.82  0.004481140101540832
2.82  0.004467146143018258
2.82  0.0042132335482731155
2.82  0.004481140101541034
2.82  0.00446714614301826
2.82  0.004213233548273121
2.832  0.004441256881755069
2.832  0.00442529719372007
2.832  0.004193129150689157
2.832  0.004441256881755018
2.832  0.00442529719372007
2.832  0.004193129150689133
2.832  0.004437224711385567
2.832  0.004423495281610076
2.832  0.004174546043896382
2.832  0.004437224711385572
2.832  0.0044234952816100785
2.832  0.0041745460438966
2.844  0.004397984636646429
2.844  0.004382319561428773
2.844  0.004154721349846205
2.844  0.004397984636646429
2.844  0.004382319561428773
2.844  0.0041547213498461435
2.844  0.00439402138167017
2.844  0.004380549913429999
2.844  0.004136440362716602
2.844  0.004394021381670175
2.844  0.0043805499134300045
2.844  0.0041364403627166075
2.856  0.004355409390785556
2.856  0.004340031756671529
2.856  0.004116889132789734
2.856  0.004355409390785552
2.856  0.004340031756671529
2.856  0.00411688913278971
2.856  0.004351513487746096
2.856  0.004338293617235197
2.856  0.004098903875841809
2.856  0.004351513487746148
2.856  0.00433829361723525
2.856  0.004098903875841827
2.868  0.004313514988025812
2.868  0.004298417842669174
2.868  0.00407962006819347
2.868  0.0043135149880258105
2.868  0.0042984178426691754
2.868  0.004079620068193447
2.868  0.00430968491892514
2.868  0.004296710478188298
2.868  0.0040619243213307074
2.868  0.004309684918925141
2.868  0.004296710478188303
2.868  0.004061924321330764
2.88  0.00427228576793983
2.88  0.004257462370238114
2.88  0.004042902083627924
2.88  0.00427228576793983
2.88  0.004257462370238114
2.88  0.004042902083627848
2.88  0.004268520058585889
2.88  0.0042557850682911165
2.88  0.004025489790651093
2.88  0.0042685200585858936
2.88  0.004255785068291118
2.88  0.004025489790651151
2.892  0.004231706546780674
2.892  0.004217150359104877
2.892  0.0040067234524155775
2.892  0.004231706546780674
2.892  0.004217150359104881
2.892  0.004006723452415556
2.892  0.0042280037652112756
2.892  0.004215502427730021
2.892  0.003989588715746056
2.892  0.004228003765211277
2.892  0.004215502427730026
2.892  0.003989588715746063
2.904  0.004191762599324183
2.904  0.004177467280083639
2.904  0.003971072781072331
2.904  0.004191762599324183
2.904  0.004177467280083639
2.904  0.003971072781072096
2.904  0.004188121354296814
2.904  0.004175848047080624
2.904  0.00395420985668068
2.904  0.0041881213542968145
2.904  0.004175848047080626
2.904  0.0039542098566807
2.916  0.00415243964154167
2.916  0.00413839903806803
2.916  0.003935938997305782
2.916  0.004152439641541668
2.916  0.00413839903806803
2.916  0.003935938997305703
2.916  0.004148858581091762
2.916  0.004136807850328642
2.916  0.003919342289833849
2.916  0.004148858581091816
2.916  0.004136807850328642
2.916  0.003919342289833912
2.928  0.004113723814061228
2.928  0.004099931955797945
2.928  0.003901311338540498
2.928  0.004113723814061224
2.928  0.004099931955797932
2.928  0.0039013113385404185
2.928  0.004110201624121369
2.928  0.004098368178659705
2.928  0.0038849753966092
2.928  0.00411020162412137
2.928  0.0040983681786597595
2.928  0.003884975396609207
2.94  0.004075601666374863
2.94  0.004062052758352278
2.94  0.0038671793409421605
2.94  0.004075601666374849
2.94  0.004062052758352278
2.94  0.0038671793409421427
2.94  0.004072137069453162
2.94  0.004060515774980185
2.94  0.003851098852636135
2.94  0.004072137069453165
2.94  0.004060515774980187
2.94  0.0038510988526361412
2.952  0.0040380601417517635
2.952  0.00402474855833903
2.952  0.0038335328289177944
2.952  0.004038060141751762
2.952  0.004024748558339031
2.952  0.0038335328289175385
2.952  0.0040346518956667745
2.952  0.004023237769128424
2.952  0.003817702617439268
2.952  0.004034651895666789
2.952  0.0040232377691284274
2.952  0.0038177026174392756
2.964  0.004001086562821074
2.964  0.003988006841738753
2.964  0.003800361905062969
2.964  0.004001086562821074
2.964  0.003988006841738753
2.964  0.0038003619050627243
2.964  0.003997733459489998
2.964  0.003986521663743148
2.964  0.0037847769245482423
2.964  0.003997733459490054
2.964  0.003986521663743153
2.964  0.003784776924548249
2.976  0.0039646686177898065
2.976  0.003951815454371241
2.976  0.00376765694053791
2.976  0.003964668617789806
2.976  0.003951815454371242
2.976  0.0037676569405378285
2.976  0.0039613694820664685
2.976  0.003950355320750772
2.976  0.0037523122720280757
2.976  0.003961369482066473
2.976  0.003950355320750773
2.976  0.0037523122720280813
2.988  0.003928794347263135
2.988  0.003916162588952682
2.988  0.0037354085658495347
2.988  0.003928794347263135
2.988  0.003916162588952682
2.988  0.003735408565849282
2.988  0.003925548035824762
2.988  0.003914726948443635
2.988  0.00372029941340845
2.988  0.003925548035824767
2.988  0.003914726948443639
2.988  0.003720299413408517
3.  0.003893452131634989
3.  0.0038810367727127536
3.  0.0037036076620164593
3.  0.003893452131634989
3.  0.0038810367727127536
3.  0.003703607662016209
3.  0.0038902575319151424
3.  0.003879625089117511
3.  0.0036887293489918462
3.  0.003890257531915146
3.  0.0038796250891175122
3.  0.003688729348992096
